Cheung Kong Holdings, Ltd.,0001.HK,HKSE,Hongkong
CLP Holdings Limited,0002.HK,HKSE,Hongkong
Hong Kong and China Gas,0003.HK,HKSE,Hongkong
Wharf holdings,0004.HK,HKSE,Hongkong
HSBC Holdings PLC,0005.HK,HKSE,Hongkong
Power Assets Holdings Ltd.,0006.HK,HKSE,Hongkong
Karl Thomson Holdings Ltd.,0007.HK,HKSE,Hongkong
PCCW Ltd,0008.HK,HKSE,Hongkong
Hang Lung Group Ltd.,0010.HK,HKSE,Hongkong
Hang Seng Bank Ltd.,0011.HK,HKSE,Hongkong
Henderson Land,0012.HK,HKSE,Hongkong
Hutchison Whampoa Ltd,0013.HK,HKSE,Hongkong
Hysan Development Co., Ltd.,0014.HK,HKSE,Hongkong
Vantage International Holdings,0015.HK,HKSE,Hongkong
Sun Hung Kai Properties, Ltd.,0016.HK,HKSE,Hongkong
New World Development Co,0017.HK,HKSE,Hongkong
Oriental Press Group Ltd.,0018.HK,HKSE,Hongkong
Swire Pacific Ltd.,0019.HK,HKSE,Hongkong
Wheelock and Co., Ltd.,0020.HK,HKSE,Hongkong
Waytung Global Group Ltd.,0021.HK,HKSE,Hongkong
Mexan Ltd.,0022.HK,HKSE,Hongkong
Bank of East Asia, Ltd.,0023.HK,HKSE,Hongkong
Burwill Holdings Ltd.,0024.HK,HKSE,Hongkong
Chevalier Int'l Holdings,0025.HK,HKSE,Hongkong
China Motor Bus Co., Ltd.,0026.HK,HKSE,Hongkong
Galaxy Enter. Group,0027.HK,HKSE,Hongkong
Tian An China Investments,0028.HK,HKSE,Hongkong
Dynamic Holdings Ltd.,0029.HK,HKSE,Hongkong
ABC Communications holdings,0030.HK,HKSE,Hongkong
China Aerospace,0031.HK,HKSE,Hongkong
Cross-Harbour holdings,0032.HK,HKSE,Hongkong
Rainbow Brothers Holdings Ltd.,0033.HK,HKSE,Hongkong
Kowloon Development Co., Ltd.,0034.HK,HKSE,Hongkong
Far East Consortium,0035.HK,HKSE,Hongkong
Far East Holdings Int'l,0036.HK,HKSE,Hongkong
Far East Hotels & Enter.,0037.HK,HKSE,Hongkong
First Tractor Co., Ltd.,0038.HK,HKSE,Hongkong
Bio-Dynamic Group Ltd.,0039.HK,HKSE,Hongkong
Gold Peak Industries,0040.HK,HKSE,Hongkong
Great Eagle Holdings Ltd.,0041.HK,HKSE,Hongkong
Northeast Electrical Deve,0042.HK,HKSE,Hongkong
C.P. Pokphand,0043.HK,HKSE,Hongkong
Hong Kong Aircraft,0044.HK,HKSE,Hongkong
Hk and Shanghai Hotels,0045.HK,HKSE,Hongkong
Computer And Technologies,0046.HK,HKSE,Hongkong
Hop Hing Group Holdings Ltd.,0047.HK,HKSE,Hongkong
Hong Kong Ferry holdings,0050.HK,HKSE,Hongkong
Harbour Centre Develop.,0051.HK,HKSE,Hongkong
Fairwood Holdings Ltd.,0052.HK,HKSE,Hongkong
Guoco Group Ltd.,0053.HK,HKSE,Hongkong
Hopewell Holdings Ltd.,0054.HK,HKSE,Hongkong
Neway Group Holdings Ltd.,0055.HK,HKSE,Hongkong
Allied Properties (HK) Ltd.,0056.HK,HKSE,Hongkong
Chen Hsong Holdings Ltd.,0057.HK,HKSE,Hongkong
Sunway Int'l Holdings,0058.HK,HKSE,Hongkong
Skyfame Realty holdings,0059.HK,HKSE,Hongkong
Hong Kong Food Investment,0060.HK,HKSE,Hongkong
North Asia Resources,0061.HK,HKSE,Hongkong
Transport Int'l,0062.HK,HKSE,Hongkong
Winfoong International Ltd.,0063.HK,HKSE,Hongkong
Get Nice Holdings Ltd.,0064.HK,HKSE,Hongkong
DeTeam Co., Ltd.,0065.HK,HKSE,Hongkong
MTR Corporation Ltd.,0066.HK,HKSE,Hongkong
China Lumena New,0067.HK,HKSE,Hongkong
Lee Hing Development Ltd.,0068.HK,HKSE,Hongkong
Shangri-La Asia Ltd.,0069.HK,HKSE,Hongkong
Neptune Group Ltd.,0070.HK,HKSE,Hongkong
Miramar Hotel,0071.HK,HKSE,Hongkong
Modern Media Holdings Limited,0072.HK,HKSE,Hongkong
Asian Citrus Holdings Ltd.,0073.HK,HKSE,Hongkong
Great Wall Technology Co.,0074.HK,HKSE,Hongkong
Y. T. Realty Group Ltd.,0075.HK,HKSE,Hongkong
South Sea Petroleum,0076.HK,HKSE,Hongkong
AMS Public Transport,0077.HK,HKSE,Hongkong
Regal Hotels Int'l,0078.HK,HKSE,Hongkong
Century Legend holdings,0079.HK,HKSE,Hongkong
China Overseas Grand,0081.HK,HKSE,Hongkong
VODone Ltd.,0082.HK,HKSE,Hongkong
Sino Land Co., Ltd.,0083.HK,HKSE,Hongkong
Stelux Holdings Int'l,0084.HK,HKSE,Hongkong
China Electronics,0085.HK,HKSE,Hongkong
Sun Hung Kai & Co., Ltd.,0086.HK,HKSE,Hongkong
Swire Pacific Ltd.,0087.HK,HKSE,Hongkong
Tai Cheung Holdings,0088.HK,HKSE,Hongkong
Tai Sang Land Development Ltd.,0089.HK,HKSE,Hongkong
Amber Energy Ltd.,0090.HK,HKSE,Hongkong
New Smart Energy Group Ltd.,0091.HK,HKSE,Hongkong
Champion Tech Holdings Lt,0092.HK,HKSE,Hongkong
Termbray Industries,0093.HK,HKSE,Hongkong
Greenheart Group Ltd.,0094.HK,HKSE,Hongkong
New Heritage Holdings Ltd.,0095.HK,HKSE,Hongkong
Henderson Investment Ltd.,0097.HK,HKSE,Hongkong
Xingfa Aluminium,0098.HK,HKSE,Hongkong
Wong's International holdings,0099.HK,HKSE,Hongkong
Clear Media Ltd.,0100.HK,HKSE,Hongkong
Summit Ascent Holdings Ltd,0102.HK,HKSE,Hongkong
Shougang Concord Century,0103.HK,HKSE,Hongkong
Asia Commercial Holdings Ltd.,0104.HK,HKSE,Hongkong
Associated Inter Hotels,0105.HK,HKSE,Hongkong
Shenzhen High-Tech,0106.HK,HKSE,Hongkong
Sichuan Expressway Co., Ltd.,0107.HK,HKSE,Hongkong
Buildmore International Ltd.,0108.HK,HKSE,Hongkong
Good Fellow Resources,0109.HK,HKSE,Hongkong
China Fortune Holdings Limited,0110.HK,HKSE,Hongkong
Cinda International,0111.HK,HKSE,Hongkong
Chi Cheung Investment,0112.HK,HKSE,Hongkong
Dickson Concepts,0113.HK,HKSE,Hongkong
Herald Holdings Ltd.,0114.HK,HKSE,Hongkong
Chow Sang Sang Holdings,0116.HK,HKSE,Hongkong
EYANG Holdings Group,0117.HK,HKSE,Hongkong
Cosmos Machinery Enterpri,0118.HK,HKSE,Hongkong
Poly (Hong Kong) Investme,0119.HK,HKSE,Hongkong
Cosmopolitan Inter Holdin,0120.HK,HKSE,Hongkong
Crocodile Garments Ltd.,0122.HK,HKSE,Hongkong
Yuexiu Property Co., Ltd.,0123.HK,HKSE,Hongkong
Kingway Brewery Holdings Ltd.,0124.HK,HKSE,Hongkong
Sun Hing Vision Group,0125.HK,HKSE,Hongkong
Tak Sing Alliance,0126.HK,HKSE,Hongkong
Chinese Estates Holdings Ltd.,0127.HK,HKSE,Hongkong
ENM Holdings Ltd.,0128.HK,HKSE,Hongkong
Asia Standard,0129.HK,HKSE,Hongkong
Moiselle Inter Holdings,0130.HK,HKSE,Hongkong
Cheuk Nang holdings,0131.HK,HKSE,Hongkong
China Investments Holding,0132.HK,HKSE,Hongkong
Kunlun Energy Company Ltd.,0135.HK,HKSE,Hongkong
Mascotte Holdings Ltd.,0136.HK,HKSE,Hongkong
Jinhui Holdings Co., Ltd.,0137.HK,HKSE,Hongkong
CCT Telecom Holdings Ltd.,0138.HK,HKSE,Hongkong
ICube Technology Holdings Ltd.,0139.HK,HKSE,Hongkong
Great China Holdings Ltd.,0141.HK,HKSE,Hongkong
First Pacific Co., Ltd.,0142.HK,HKSE,Hongkong
Global Tech holdings,0143.HK,HKSE,Hongkong
China Merchants Holdings,0144.HK,HKSE,Hongkong
HK Building and Loan Agen,0145.HK,HKSE,Hongkong
Tai Ping Carpets,0146.HK,HKSE,Hongkong
Chaoyue Group Limited,0147.HK,HKSE,Hongkong
Kingboard Chemical,0148.HK,HKSE,Hongkong
China Agri-Products Ex,0149.HK,HKSE,Hongkong
Want Want China,0151.HK,HKSE,Hongkong
Shenzhen Inter Holdings,0152.HK,HKSE,Hongkong
Beijing Development (HK),0154.HK,HKSE,Hongkong
China Solar Energy,0155.HK,HKSE,Hongkong
Lippo China Resources Ltd.,0156.HK,HKSE,Hongkong
Natural Beauty Bio-Tech,0157.HK,HKSE,Hongkong
Melbourne Enterprises Ltd.,0158.HK,HKSE,Hongkong
Wah Nam Inter,0159.HK,HKSE,Hongkong
Hon Kwok Land Investment,0160.HK,HKSE,Hongkong
CATIC Shenzhen Holdings Ltd.,0161.HK,HKSE,Hongkong
Century Ginwa Retail,0162.HK,HKSE,Hongkong
Emperor Int'l Holdings,0163.HK,HKSE,Hongkong
China Gamma Group Ltd.,0164.HK,HKSE,Hongkong
New Times Energy Corp Ltd,0166.HK,HKSE,Hongkong
IDT International Ltd.,0167.HK,HKSE,Hongkong
Tsingtao Brewery Co., Ltd.,0168.HK,HKSE,Hongkong
Hengli Commercial,0169.HK,HKSE,Hongkong
China Assets holdings,0170.HK,HKSE,Hongkong
Silver Grant Int'l,0171.HK,HKSE,Hongkong
Goldbond Group Holdings Ltd.,0172.HK,HKSE,Hongkong
K Wah International,0173.HK,HKSE,Hongkong
Gemini Investment,0174.HK,HKSE,Hongkong
Geely Automobile Holdings Ltd.,0175.HK,HKSE,Hongkong
United Pacific Industries Ltd.,0176.HK,HKSE,Hongkong
Jiangsu Expressway,0177.HK,HKSE,Hongkong
Johnson Electric Holdings Ltd.,0179.HK,HKSE,Hongkong
Kader Holdings Co., Ltd.,0180.HK,HKSE,Hongkong
Fujian Holdings Ltd.,0181.HK,HKSE,Hongkong
China WindPower Group Ltd.,0182.HK,HKSE,Hongkong
Keck Seng Investments,0184.HK,HKSE,Hongkong
Xpress Group Ltd.,0185.HK,HKSE,Hongkong
Grande Holdings Ltd.,0186.HK,HKSE,Hongkong
Beiren Printing Machinery,0187.HK,HKSE,Hongkong
Sunwah Kingsway Capital,0188.HK,HKSE,Hongkong
HKC holdings,0190.HK,HKSE,Hongkong
Lai Sun Garment Int'l,0191.HK,HKSE,Hongkong
Capital Estate Ltd.,0193.HK,HKSE,Hongkong
Liu Chong Hing Investment Ltd.,0194.HK,HKSE,Hongkong
Goodtop Tin International,0195.HK,HKSE,Hongkong
Honghua Group Limited,0196.HK,HKSE,Hongkong
Heng Tai Consumables,0197.HK,HKSE,Hongkong
SMI Corporation Ltd.,0198.HK,HKSE,Hongkong
ITC Properties Group Ltd.,0199.HK,HKSE,Hongkong
Melco Int'l Develop,0200.HK,HKSE,Hongkong
Magnificent Estates Ltd.,0201.HK,HKSE,Hongkong
Interchina Holdings Co., Ltd.,0202.HK,HKSE,Hongkong
Everest Int'l Invest,0204.HK,HKSE,Hongkong
R&H,0205.HK,HKSE,Hongkong
TSC Offshore Group Ltd.,0206.HK,HKSE,Hongkong
Hong Kong Parkview Group Ltd.,0207.HK,HKSE,Hongkong
Polytec Asset Holdings Ltd.,0208.HK,HKSE,Hongkong
China Tycoon Beverage,0209.HK,HKSE,Hongkong
Daphne International,0210.HK,HKSE,Hongkong
Styland Holdings Ltd.,0211.HK,HKSE,Hongkong
Nanyang Holdings Ltd.,0212.HK,HKSE,Hongkong
National Elec Holdings,0213.HK,HKSE,Hongkong
Asia Orient Holdings Ltd.,0214.HK,HKSE,Hongkong
Hutchison,0215.HK,HKSE,Hongkong
Chinney Investments, Ltd.,0216.HK,HKSE,Hongkong
China Chengtong Develop,0217.HK,HKSE,Hongkong
Shenyin Wanguo (H.K.) Ltd.,0218.HK,HKSE,Hongkong
Shun Ho Technology,0219.HK,HKSE,Hongkong
Uni-President China,0220.HK,HKSE,Hongkong
LeRoi Holdings Ltd.,0221.HK,HKSE,Hongkong
Min Xin Holdings Ltd.,0222.HK,HKSE,Hongkong
Sino Resources Group Ltd.,0223.HK,HKSE,Hongkong
Pioneer Global Group Ltd.,0224.HK,HKSE,Hongkong
Pokfulam Development Co., Ltd.,0225.HK,HKSE,Hongkong
Lippo Ltd.,0226.HK,HKSE,Hongkong
First Shanghai Invest.,0227.HK,HKSE,Hongkong
China Energy Develop,0228.HK,HKSE,Hongkong
Raymond Industrial Ltd.,0229.HK,HKSE,Hongkong
Minmetals Land Ltd.,0230.HK,HKSE,Hongkong
Madex International holdings,0231.HK,HKSE,Hongkong
AVIC International,0232.HK,HKSE,Hongkong
Mingyuan Medicare,0233.HK,HKSE,Hongkong
New Century Group HK,0234.HK,HKSE,Hongkong
China Strategic Holdings Ltd.,0235.HK,HKSE,Hongkong
San Miguel Brewery HK,0236.HK,HKSE,Hongkong
Safety Godown Co., Ltd.,0237.HK,HKSE,Hongkong
Evergreen International,0238.HK,HKSE,Hongkong
Pak Fah Yeow Int'l,0239.HK,HKSE,Hongkong
Build King Holdings Ltd.,0240.HK,HKSE,Hongkong
CITIC 21CN Co., Ltd.,0241.HK,HKSE,Hongkong
Shun Tak Holdings Ltd.,0242.HK,HKSE,Hongkong
QPL Int'lHoldings,0243.HK,HKSE,Hongkong
Sincere Co., Ltd.,0244.HK,HKSE,Hongkong
China Seven Star Shopping Ltd.,0245.HK,HKSE,Hongkong
Real Gold Mining Limited,0246.HK,HKSE,Hongkong
Tsim Sha Tsui Properties Ltd.,0247.HK,HKSE,Hongkong
HKC Int'lHoldings,0248.HK,HKSE,Hongkong
Sino-i Technology Ltd.,0250.HK,HKSE,Hongkong
S E A Holdings Ltd.,0251.HK,HKSE,Hongkong
Southeast Asia Prop & Fin,0252.HK,HKSE,Hongkong
Shun Ho Resources,0253.HK,HKSE,Hongkong
China Outdoor Media Group Ltd.,0254.HK,HKSE,Hongkong
Lung Kee (Bermuda),0255.HK,HKSE,Hongkong
China Haidian Holdings Ltd.,0256.HK,HKSE,Hongkong
China Everbright Inter,0257.HK,HKSE,Hongkong
Tomson Group Ltd.,0258.HK,HKSE,Hongkong
Yeebo International,0259.HK,HKSE,Hongkong
China Environmental,0260.HK,HKSE,Hongkong
CCT Tech International Ltd.,0261.HK,HKSE,Hongkong
Deson Develop Intern,0262.HK,HKSE,Hongkong
China Yunnan Tin Minerals,0263.HK,HKSE,Hongkong
Chanco International,0264.HK,HKSE,Hongkong
South China Holdings Ltd.,0265.HK,HKSE,Hongkong
Tian Teck Land Ltd.,0266.HK,HKSE,Hongkong
CITIC Pacific Ltd.,0267.HK,HKSE,Hongkong
Kingdee International,0268.HK,HKSE,Hongkong
China Resources,0269.HK,HKSE,Hongkong
Guangdong Investment Ltd.,0270.HK,HKSE,Hongkong
Dan Form Holdings Co., Ltd.,0271.HK,HKSE,Hongkong
Shui On Land Ltd.,0272.HK,HKSE,Hongkong
Willie International Hldg,0273.HK,HKSE,Hongkong
China Billion Resources Ltd,0274.HK,HKSE,Hongkong
Hanny Holdings Ltd.,0275.HK,HKSE,Hongkong
Mongolia Energy Corp,0276.HK,HKSE,Hongkong
Tern Properties Co., Ltd.,0277.HK,HKSE,Hongkong
Wah Ha Realty Co., Ltd.,0278.HK,HKSE,Hongkong
Rivera holdings,0281.HK,HKSE,Hongkong
Next Media Ltd.,0282.HK,HKSE,Hongkong
Goldin Properties,0283.HK,HKSE,Hongkong
BYD Electronic,0285.HK,HKSE,Hongkong
G-Prop holdings,0286.HK,HKSE,Hongkong
Winfair Investment Co., Ltd.,0287.HK,HKSE,Hongkong
Wing On Company Inter,0289.HK,HKSE,Hongkong
China Fortune Financial,0290.HK,HKSE,Hongkong
China Resources,0291.HK,HKSE,Hongkong
Asia Standard Hotel Group Ltd.,0292.HK,HKSE,Hongkong
Cathay Pacific Airways Ltd.,0293.HK,HKSE,Hongkong
Yangtzekiang Garment Ltd.,0294.HK,HKSE,Hongkong
Kong Sun Holdings Ltd.,0295.HK,HKSE,Hongkong
Emperor Enter. Hotel,0296.HK,HKSE,Hongkong
Sinofert Holdings Ltd.,0297.HK,HKSE,Hongkong
Chuang's China Invest,0298.HK,HKSE,Hongkong
SinoCom Software Group Ltd.,0299.HK,HKSE,Hongkong
Shenji Group Kunming Mach,0300.HK,HKSE,Hongkong
Wing Hang Bank, Ltd.,0302.HK,HKSE,Hongkong
VTech Holdings Ltd.,0303.HK,HKSE,Hongkong
Wuling Motors Holdings Ltd,0305.HK,HKSE,Hongkong
Kwoon Chung Bus Holdings Ltd.,0306.HK,HKSE,Hongkong
Up Energy Development,0307.HK,HKSE,Hongkong
China Travel Inter Invest,0308.HK,HKSE,Hongkong
Lo's Enviro-Pro Holdings Ltd.,0309.HK,HKSE,Hongkong
Prosperity Invest,0310.HK,HKSE,Hongkong
Luen Thai Holdings Ltd.,0311.HK,HKSE,Hongkong
Shirble Department Store,0312.HK,HKSE,Hongkong
Richly Field China,0313.HK,HKSE,Hongkong
SmarTone Telecommun.,0315.HK,HKSE,Hongkong
Orient Overseas,0316.HK,HKSE,Hongkong
Guangzhou Shipyard Intern,0317.HK,HKSE,Hongkong
Vongroup Ltd.,0318.HK,HKSE,Hongkong
China Metal Inter,0319.HK,HKSE,Hongkong
Computime Group Ltd.,0320.HK,HKSE,Hongkong
Texwinca Holdings Ltd.,0321.HK,HKSE,Hongkong
Tingyi Holding,0322.HK,HKSE,Hongkong
Trauson Holdings,0325.HK,HKSE,Hongkong
China Star Entertainment Ltd.,0326.HK,HKSE,Hongkong
Alco Holdings Ltd.,0328.HK,HKSE,Hongkong
Espirit Holdings Limited,0330.HK,HKSE,Hongkong
PCD Stores Group,0331.HK,HKSE,Hongkong
Ngai Lik Industrial,0332.HK,HKSE,Hongkong
Top Form International Ltd.,0333.HK,HKSE,Hongkong
Upbest Group Ltd.,0335.HK,HKSE,Hongkong
Huabao International,0336.HK,HKSE,Hongkong
SPG Land holdings,0337.HK,HKSE,Hongkong
Sinopec Shanghai Petroche,0338.HK,HKSE,Hongkong
Earnest Invest,0339.HK,HKSE,Hongkong
China Mining Resources,0340.HK,HKSE,Hongkong
Cafe de Coral Holdings Ltd.,0341.HK,HKSE,Hongkong
NewOcean Energy Holdings Ltd.,0342.HK,HKSE,Hongkong
Culturecom Holdings Ltd.,0343.HK,HKSE,Hongkong
Vitasoy Int'l Holdings,0345.HK,HKSE,Hongkong
Sino Union Energy,0346.HK,HKSE,Hongkong
Angang Steel Companylimited,0347.HK,HKSE,Hongkong
Lung Cheong Int'l,0348.HK,HKSE,Hongkong
Jingwei Textile Machinery,0350.HK,HKSE,Hongkong
Asia Energy logistics,0351.HK,HKSE,Hongkong
Fortune Sun Holdings,0352.HK,HKSE,Hongkong
Energy International,0353.HK,HKSE,Hongkong
Chinasoft International Ltd.,0354.HK,HKSE,Hongkong
Century City Int'l,0355.HK,HKSE,Hongkong
Hainan Meilan,0357.HK,HKSE,Hongkong
Jiangxi Copper Company Limited,0358.HK,HKSE,Hongkong
China Haisheng Juice,0359.HK,HKSE,Hongkong
New Focus Auto Tech,0360.HK,HKSE,Hongkong
Sino Golf Holdings Ltd.,0361.HK,HKSE,Hongkong
China Zenith Chemical,0362.HK,HKSE,Hongkong
Shanghai Industrial,0363.HK,HKSE,Hongkong
Huafeng Group Holdings Ltd,0364.HK,HKSE,Hongkong
Sun East Technology holdings,0365.HK,HKSE,Hongkong
Luks Group,0366.HK,HKSE,Hongkong
Chuang's Consortium Int'l,0367.HK,HKSE,Hongkong
Sinotrans Shipping Limited,0368.HK,HKSE,Hongkong
Wing Tai Properties Limited,0369.HK,HKSE,Hongkong
China Best Group Holding Ltd.,0370.HK,HKSE,Hongkong
Beijing Enterprises Water,0371.HK,HKSE,Hongkong
ITC Corporation Ltd.,0372.HK,HKSE,Hongkong
Allied Group Ltd.,0373.HK,HKSE,Hongkong
Four Seas Mercantile,0374.HK,HKSE,Hongkong
YGM Trading Ltd.,0375.HK,HKSE,Hongkong
Asia TeleMedia Ltd.,0376.HK,HKSE,Hongkong
New Island Printing .,0377.HK,HKSE,Hongkong
CIAM Group Ltd.,0378.HK,HKSE,Hongkong
PME Group Ltd.,0379.HK,HKSE,Hongkong
China Pipe Group Ltd.,0380.HK,HKSE,Hongkong
Kiu Hung Energy Holdings Ltd.,0381.HK,HKSE,Hongkong
Welling Holding Ltd.,0382.HK,HKSE,Hongkong
COL Capital Ltd.,0383.HK,HKSE,Hongkong
China Gas Holdings Ltd.,0384.HK,HKSE,Hongkong
Chinney Alliance Group Ltd.,0385.HK,HKSE,Hongkong
China Petroleum & Chemica,0386.HK,HKSE,Hongkong
Leeport holdings,0387.HK,HKSE,Hongkong
HK Ex and Clearing,0388.HK,HKSE,Hongkong
China Tontine Wines Group Ltd.,0389.HK,HKSE,Hongkong
China Railway Group Limited,0390.HK,HKSE,Hongkong
Mei Ah Entertainment,0391.HK,HKSE,Hongkong
Beijing Enterprises,0392.HK,HKSE,Hongkong
Glorious Sun Enterprises Ltd.,0393.HK,HKSE,Hongkong
Sino Dragon New Energy,0395.HK,HKSE,Hongkong
China Gogreen Assets,0397.HK,HKSE,Hongkong
Oriental Watch Holdings Ltd.,0398.HK,HKSE,Hongkong
United Gene High-Tech,0399.HK,HKSE,Hongkong
Mongolia Investment Group Ltd.,0402.HK,HKSE,Hongkong
Starlite Holdings Ltd.,0403.HK,HKSE,Hongkong
Hsin Chong Construc.,0404.HK,HKSE,Hongkong
Yau Lee Holdings Ltd.,0406.HK,HKSE,Hongkong
Yip's Chemical Holdings Ltd.,0408.HK,HKSE,Hongkong
SOHO China Limited,0410.HK,HKSE,Hongkong
Lam Soon (Hong Kong) Ltd.,0411.HK,HKSE,Hongkong
Heritage International,0412.HK,HKSE,Hongkong
South China (China) Ltd.,0413.HK,HKSE,Hongkong
Tse Sui Luen Jewellery,0417.HK,HKSE,Hongkong
Founder Holdings Ltd.,0418.HK,HKSE,Hongkong
Asian Union New Media Group,0419.HK,HKSE,Hongkong
Fountain Set holdings,0420.HK,HKSE,Hongkong
Vietnam Manu& Export,0422.HK,HKSE,Hongkong
HK Economic Times,0423.HK,HKSE,Hongkong
Minth Group Ltd.,0425.HK,HKSE,Hongkong
One Media Group Ltd.,0426.HK,HKSE,Hongkong
Harmony Asset Ltd.,0428.HK,HKSE,Hongkong
Oriental Explorer,0430.HK,HKSE,Hongkong
Greater China Holdings Ltd.,0431.HK,HKSE,Hongkong
Pacific Century Premium,0432.HK,HKSE,Hongkong
North Mining Shares Co., Ltd.,0433.HK,HKSE,Hongkong
IRICO Group Electronics,0438.HK,HKSE,Hongkong
Climax International Co., Ltd.,0439.HK,HKSE,Hongkong
Dah Sing Financial,0440.HK,HKSE,Hongkong
Sincere Watch (Hong Kong) Ltd.,0444.HK,HKSE,Hongkong
China Fire Safety,0445.HK,HKSE,Hongkong
Chigo Holdings Ltd.,0449.HK,HKSE,Hongkong
Hung Hing Printing Group Ltd.,0450.HK,HKSE,Hongkong
Same Time Holdings Ltd.,0451.HK,HKSE,Hongkong
Yunnan Enterprises,0455.HK,HKSE,Hongkong
Tristate Holdings Ltd.,0458.HK,HKSE,Hongkong
Midland IC&I,0459.HK,HKSE,Hongkong
Sihuan Pharmaceutical,0460.HK,HKSE,Hongkong
Kenford Group Holdings Ltd.,0464.HK,HKSE,Hongkong
Futong Technology,0465.HK,HKSE,Hongkong
United Energy Group Limited,0467.HK,HKSE,Hongkong
Greatview Aseptic,0468.HK,HKSE,Hongkong
Capxon International,0469.HK,HKSE,Hongkong
CMMB Vision Holdings Ltd.,0471.HK,HKSE,Hongkong
JLF Investment Company Limited,0472.HK,HKSE,Hongkong
Hao Tian Resources Group,0474.HK,HKSE,Hongkong
Noble Jewelry Holdings Ltd.,0475.HK,HKSE,Hongkong
Sinocop Resources holdings,0476.HK,HKSE,Hongkong
AUPU Group Holding Co., Ltd.,0477.HK,HKSE,Hongkong
CIL Holdings Ltd.,0479.HK,HKSE,Hongkong
HKR International Ltd.,0480.HK,HKSE,Hongkong
Sandmartin International,0482.HK,HKSE,Hongkong
Bauhaus International holdings,0483.HK,HKSE,Hongkong
Starlight International,0485.HK,HKSE,Hongkong
United Company Rusal PLC,0486.HK,HKSE,Hongkong
Success Universe Group,0487.HK,HKSE,Hongkong
Lai Sun Development Co., Ltd.,0488.HK,HKSE,Hongkong
Dongfeng Motor Group Co Ltd,0489.HK,HKSE,Hongkong
See Corporation Ltd.,0491.HK,HKSE,Hongkong
GOME Electrical Appliance,0493.HK,HKSE,Hongkong
Li & Fung Ltd.,0494.HK,HKSE,Hongkong
Paladin Ltd.,0495.HK,HKSE,Hongkong
Kasen International,0496.HK,HKSE,Hongkong
CSI Properties Ltd.,0497.HK,HKSE,Hongkong
PYI Corporation Ltd.,0498.HK,HKSE,Hongkong
HyComm Wireless Ltd.,0499.HK,HKSE,Hongkong
DVN holdings,0500.HK,HKSE,Hongkong
Lansen Pharmaceutical,0503.HK,HKSE,Hongkong
Xingye Copper,0505.HK,HKSE,Hongkong
China Foods Ltd.,0506.HK,HKSE,Hongkong
Chevalier Pacific Holdings Ltd,0508.HK,HKSE,Hongkong
Century Sunshine,0509.HK,HKSE,Hongkong
CASH Financial Services,0510.HK,HKSE,Hongkong
Television Broadcasts Ltd.,0511.HK,HKSE,Hongkong
China Grand Pha. and Hea.,0512.HK,HKSE,Hongkong
Continental Holdings Ltd.,0513.HK,HKSE,Hongkong
TC Interconnect Holdings Ltd.,0515.HK,HKSE,Hongkong
COSCO International,0517.HK,HKSE,Hongkong
Tungtex holdings,0518.HK,HKSE,Hongkong
Applied Development,0519.HK,HKSE,Hongkong
Shougang Concord Tech,0521.HK,HKSE,Hongkong
ASM Pacific Technology Ltd.,0522.HK,HKSE,Hongkong
e-Kong Group Ltd.,0524.HK,HKSE,Hongkong
Guangshen Railway Company,0525.HK,HKSE,Hongkong
Lisi Group ( Holdings) Limited,0526.HK,HKSE,Hongkong
China Ruifeng Galaxy,0527.HK,HKSE,Hongkong
Kingdom Holdings Ltd.,0528.HK,HKSE,Hongkong
SiS International,0529.HK,HKSE,Hongkong
Goldin Financial Holdings Ltd.,0530.HK,HKSE,Hongkong
Samson Holding Ltd.,0531.HK,HKSE,Hongkong
Wong's Kong King,0532.HK,HKSE,Hongkong
Goldlion Holdings Ltd.,0533.HK,HKSE,Hongkong
Frasers Property (China) Ltd.,0535.HK,HKSE,Hongkong
Tradelink Elec Commerce,0536.HK,HKSE,Hongkong
Ajisen (China) Holdings Ltd.,0538.HK,HKSE,Hongkong
Victory City Int'l,0539.HK,HKSE,Hongkong
Morning Star Resources Ltd.,0542.HK,HKSE,Hongkong
Pacific Online Limited,0543.HK,HKSE,Hongkong
Daido Group Ltd.,0544.HK,HKSE,Hongkong
Fufeng Group Ltd.,0546.HK,HKSE,Hongkong
Sun Innovation Holdings Ltd.,0547.HK,HKSE,Hongkong
Shenzhen Expressway Co Ltd,0548.HK,HKSE,Hongkong
Jilin Qifeng Chemical Fib,0549.HK,HKSE,Hongkong
Recruit Holdings Ltd.,0550.HK,HKSE,Hongkong
Yue Yuen Industrial holdings,0551.HK,HKSE,Hongkong
China Communications Serv,0552.HK,HKSE,Hongkong
Hans Energy Co., Ltd.,0554.HK,HKSE,Hongkong
REXLot Holdings Ltd.,0555.HK,HKSE,Hongkong
Pan Asia,0556.HK,HKSE,Hongkong
City e-Solutions Ltd.,0557.HK,HKSE,Hongkong
L.K. Technology Holdings Ltd.,0558.HK,HKSE,Hongkong
Hua Yi Copper Holdings Ltd.,0559.HK,HKSE,Hongkong
Shanghai Industrial Urban,0563.HK,HKSE,Hongkong
Art Textile Technology,0565.HK,HKSE,Hongkong
Apollo Solar Energy,0566.HK,HKSE,Hongkong
Daisho Microline Holdings Ltd.,0567.HK,HKSE,Hongkong
Shandong Molong Petroleum,0568.HK,HKSE,Hongkong
China Automation Group Ltd.,0569.HK,HKSE,Hongkong
Winteam Pharmaceutical,0570.HK,HKSE,Hongkong
eSun Holdings Ltd.,0571.HK,HKSE,Hongkong
China Packaging Group Co.,0572.HK,HKSE,Hongkong
Tao Heung Holdings Ltd.,0573.HK,HKSE,Hongkong
Regent Pacific Group, Ltd.,0575.HK,HKSE,Hongkong
Zhejiang Expressway Co., Ltd.,0576.HK,HKSE,Hongkong
Paul Y. Engineering Group Ltd.,0577.HK,HKSE,Hongkong
China CBM Group Ltd,0578.HK,HKSE,Hongkong
Sun.King Power,0580.HK,HKSE,Hongkong
China Oriental Group Co., Ltd.,0581.HK,HKSE,Hongkong
Greenfield Chemical,0582.HK,HKSE,Hongkong
SCMP Group Ltd.,0583.HK,HKSE,Hongkong
Imagi International,0585.HK,HKSE,Hongkong
Hua Han Bio-Pharmaceutica,0587.HK,HKSE,Hongkong
Beijing North Star,0588.HK,HKSE,Hongkong
Ports Design Ltd.,0589.HK,HKSE,Hongkong
Luk Fook Holdings,0590.HK,HKSE,Hongkong
China High Precision,0591.HK,HKSE,Hongkong
Bossini International,0592.HK,HKSE,Hongkong
Allied Overseas Ltd.,0593.HK,HKSE,Hongkong
AV Concept Holdings Ltd.,0595.HK,HKSE,Hongkong
Inspur International Ltd.,0596.HK,HKSE,Hongkong
Sinotrans Ltd.,0598.HK,HKSE,Hongkong
E. Bon Holdings Ltd.,0599.HK,HKSE,Hongkong
China Infrastructur Int'l,0600.HK,HKSE,Hongkong
Group Sense,0601.HK,HKSE,Hongkong
Jiahua Stores Holdings Ltd.,0602.HK,HKSE,Hongkong
China Oil And Gas Group Ltd.,0603.HK,HKSE,Hongkong
Shenzhen Investment Ltd.,0604.HK,HKSE,Hongkong
K.P.I. Co., Ltd.,0605.HK,HKSE,Hongkong
China Agri-Industries,0606.HK,HKSE,Hongkong
High Fashion,0608.HK,HKSE,Hongkong
Tiande Chemical Holdings Ltd.,0609.HK,HKSE,Hongkong
Wai Kee Holdings Ltd.,0610.HK,HKSE,Hongkong
China Nuclear Industry 23,0611.HK,HKSE,Hongkong
China Investment Fund Co.,0612.HK,HKSE,Hongkong
Yugang International Ltd.,0613.HK,HKSE,Hongkong
Easyknit Enterprises Hold,0616.HK,HKSE,Hongkong
Paliburg Holdings Ltd.,0617.HK,HKSE,Hongkong
EC-Founder holdings,0618.HK,HKSE,Hongkong
South China Financial,0619.HK,HKSE,Hongkong
UDL Holdings Ltd.,0620.HK,HKSE,Hongkong
Taung Gold International Ltd,0621.HK,HKSE,Hongkong
Enerchina Holdings, Ltd.,0622.HK,HKSE,Hongkong
SinoMedia Holding Limited,0623.HK,HKSE,Hongkong
Public Financial Holdings Ltd.,0626.HK,HKSE,Hongkong
Dore Holdings Ltd.,0628.HK,HKSE,Hongkong
Yue Da Mining Holdings Ltd.,0629.HK,HKSE,Hongkong
Guojin Resources Holdings Ltd.,0630.HK,HKSE,Hongkong
Sany Heavy Equipment,0631.HK,HKSE,Hongkong
Pearl Oriental Innovation Ltd.,0632.HK,HKSE,Hongkong
China All Access holdings,0633.HK,HKSE,Hongkong
Playmates Holdings Ltd.,0635.HK,HKSE,Hongkong
Lee Kee Holdings Ltd.,0637.HK,HKSE,Hongkong
Kin Yat Holdings Ltd.,0638.HK,HKSE,Hongkong
Shougang Fushan Resources,0639.HK,HKSE,Hongkong
Infinity Chemical,0640.HK,HKSE,Hongkong
Fong's Industries Co., Ltd.,0641.HK,HKSE,Hongkong
Carry Wealth Holdings Ltd.,0643.HK,HKSE,Hongkong
KTP Holdings Ltd.,0645.HK,HKSE,Hongkong
China Environmental,0646.HK,HKSE,Hongkong
Joyce Boutique Holdings Ltd.,0647.HK,HKSE,Hongkong
Shun Cheong Holdings Ltd.,0650.HK,HKSE,Hongkong
China Ocean Shipbuilding,0651.HK,HKSE,Hongkong
Bonjour Holdings Ltd.,0653.HK,HKSE,Hongkong
Hongkong Chinese Ltd.,0655.HK,HKSE,Hongkong
Fosun International Ltd.,0656.HK,HKSE,Hongkong
G-Vision International,0657.HK,HKSE,Hongkong
China High Speed,0658.HK,HKSE,Hongkong
NWS Holdings Ltd.,0659.HK,HKSE,Hongkong
Wai Chun Mining Industry,0660.HK,HKSE,Hongkong
China Daye Non-Ferrous,0661.HK,HKSE,Hongkong
Asia Financial Holdings Ltd.,0662.HK,HKSE,Hongkong
King Stone Energy Group Ltd.,0663.HK,HKSE,Hongkong
Haitong International,0665.HK,HKSE,Hongkong
SHK Hong Kong Industries Ltd,0666.HK,HKSE,Hongkong
Dexon Energy Group Ltd.,0668.HK,HKSE,Hongkong
Techtronic Industries Co.,0669.HK,HKSE,Hongkong
China Eastern Airlines,0670.HK,HKSE,Hongkong
Zhong An Real Estate Limited,0672.HK,HKSE,Hongkong
China HealthCare Holdings Ltd.,0673.HK,HKSE,Hongkong
United Power Investment Ltd.,0674.HK,HKSE,Hongkong
K & P International,0675.HK,HKSE,Hongkong
Pegasus International,0676.HK,HKSE,Hongkong
Golden Resources,0677.HK,HKSE,Hongkong
Genting Hong Kong Ltd.,0678.HK,HKSE,Hongkong
Asia Tele-Net & Tech,0679.HK,HKSE,Hongkong
Nan Hai Corporation Ltd.,0680.HK,HKSE,Hongkong
Chinese People Holdings,0681.HK,HKSE,Hongkong
Chaoda Modern Agriculture,0682.HK,HKSE,Hongkong
Kerry Properties Ltd.,0683.HK,HKSE,Hongkong
Allan International,0684.HK,HKSE,Hongkong
Media Chinese,0685.HK,HKSE,Hongkong
Goldpoly New Energy,0686.HK,HKSE,Hongkong
Tysan Holdings Ltd.,0687.HK,HKSE,Hongkong
China Overseas Land & Inv,0688.HK,HKSE,Hongkong
EPI Holdings Ltd,0689.HK,HKSE,Hongkong
China Shanshui Cement,0691.HK,HKSE,Hongkong
Tan Chong International Ltd.,0693.HK,HKSE,Hongkong
Beijing Capital,0694.HK,HKSE,Hongkong
TravelSky Technology Ltd.,0696.HK,HKSE,Hongkong
Shougang Concord,0697.HK,HKSE,Hongkong
Tongda Group Holdings Ltd.,0698.HK,HKSE,Hongkong
Tencent Holdings Ltd.,0700.HK,HKSE,Hongkong
CNT Group Ltd.,0701.HK,HKSE,Hongkong
Sino Oil and Gas Holdings,0702.HK,HKSE,Hongkong
Future Bright Holdings Ltd.,0703.HK,HKSE,Hongkong
Huscoke Resources Holding,0704.HK,HKSE,Hongkong
CVM Minerals Limited,0705.HK,HKSE,Hongkong
FinTronics Holdings Co., Ltd.,0706.HK,HKSE,Hongkong
Co-Prosperity Holdings Ltd.,0707.HK,HKSE,Hongkong
New Media,0708.HK,HKSE,Hongkong
Giordano International Ltd.,0709.HK,HKSE,Hongkong
Varitronix International Ltd.,0710.HK,HKSE,Hongkong
Chun Wo Development,0711.HK,HKSE,Hongkong
Comtec Solar Systems,0712.HK,HKSE,Hongkong
World Houseware holdings,0713.HK,HKSE,Hongkong
Hutchison Harbour Ring Ltd.,0715.HK,HKSE,Hongkong
Singamas Container Holdin,0716.HK,HKSE,Hongkong
Emperor Capital Group Ltd.,0717.HK,HKSE,Hongkong
Bestway International,0718.HK,HKSE,Hongkong
Shandong Xinhua Pharmaceu,0719.HK,HKSE,Hongkong
Wo Kee Hong holdings,0720.HK,HKSE,Hongkong
Sustainable Forest,0723.HK,HKSE,Hongkong
Sino-Tech International,0724.HK,HKSE,Hongkong
Perennial International Ltd.,0725.HK,HKSE,Hongkong
South East Group Ltd.,0726.HK,HKSE,Hongkong
VXL Capital Ltd.,0727.HK,HKSE,Hongkong
China Telecom Corp Ltd,0728.HK,HKSE,Hongkong
Sinopoly Battery Limited,0729.HK,HKSE,Hongkong
Shougang Concord Grand Group,0730.HK,HKSE,Hongkong
Samson Paper Holdings Ltd.,0731.HK,HKSE,Hongkong
Truly International,0732.HK,HKSE,Hongkong
Hopefluent Group Holdings Ltd.,0733.HK,HKSE,Hongkong
China Power New Energy,0735.HK,HKSE,Hongkong
China Properties,0736.HK,HKSE,Hongkong
Hopewell Highway,0737.HK,HKSE,Hongkong
Le Saunda Holdings Ltd.,0738.HK,HKSE,Hongkong
Asia Cement (China),0743.HK,HKSE,Hongkong
Lee & Man Holding Ltd.,0746.HK,HKSE,Hongkong
Shenyang Public Utility,0747.HK,HKSE,Hongkong
China Singyes Solar,0750.HK,HKSE,Hongkong
Skyworth Digital Holdings Ltd.,0751.HK,HKSE,Hongkong
Pico Far East Holdings Ltd.,0752.HK,HKSE,Hongkong
Air China Limited,0753.HK,HKSE,Hongkong
Hopson Development,0754.HK,HKSE,Hongkong
Shanghai Zendai Property Ltd.,0755.HK,HKSE,Hongkong
Tianyi Fruit Holdings Limited,0756.HK,HKSE,Hongkong
Solargiga Energy,0757.HK,HKSE,Hongkong
Junefield Department Stor,0758.HK,HKSE,Hongkong
CEC International,0759.HK,HKSE,Hongkong
Talent Property Group Ltd,0760.HK,HKSE,Hongkong
Bel Global Resources,0761.HK,HKSE,Hongkong
China Unicom (Hong Kong) Ltd,0762.HK,HKSE,Hongkong
Zte Corporation,0763.HK,HKSE,Hongkong
Eternity Investment Limited,0764.HK,HKSE,Hongkong
Perfectech International,0765.HK,HKSE,Hongkong
Sino Prosper Holdings,0766.HK,HKSE,Hongkong
UBA Investments Ltd.,0768.HK,HKSE,Hongkong
China Rare Earth Holdings Ltd.,0769.HK,HKSE,Hongkong
Automated Systems Holding,0771.HK,HKSE,Hongkong
China Metal Recycling,0773.HK,HKSE,Hongkong
CK Life Sciences,0775.HK,HKSE,Hongkong
JF Household Furnishings Ltd.,0776.HK,HKSE,Hongkong
NetDragon Websoft Inc.,0777.HK,HKSE,Hongkong
Fortune Real Estate,0778.HK,HKSE,Hongkong
Artini China Co., Ltd.,0789.HK,HKSE,Hongkong
Come Sure Group holdings,0794.HK,HKSE,Hongkong
A8 Digital Music,0800.HK,HKSE,Hongkong
Golden Meditech Holdings Ltd.,0801.HK,HKSE,Hongkong
RCG Holdings Ltd,0802.HK,HKSE,Hongkong
Prosperity Int'l,0803.HK,HKSE,Hongkong
Value Partners Group Limited,0806.HK,HKSE,Hongkong
Global Bio-chem,0809.HK,HKSE,Hongkong
Xinhua Winshare,0811.HK,HKSE,Hongkong
Tanrich Financial,0812.HK,HKSE,Hongkong
Shimao Property Holdings Ltd.,0813.HK,HKSE,Hongkong
Beijing Jingkelong Co., Ltd.,0814.HK,HKSE,Hongkong
Franshion Properties (Chi,0817.HK,HKSE,Hongkong
Hi Sun Technology (China) Ltd.,0818.HK,HKSE,Hongkong
Tianneng Power Int'l,0819.HK,HKSE,Hongkong
Value Convergence,0821.HK,HKSE,Hongkong
Ka Shui International,0822.HK,HKSE,Hongkong
Link Real Estate,0823.HK,HKSE,Hongkong
New World Depa.Store Chin,0825.HK,HKSE,Hongkong
Tiangong International,0826.HK,HKSE,Hongkong
Ko Yo Chemical (Group) Ltd,0827.HK,HKSE,Hongkong
Dynasty Fine Wines Group Ltd.,0828.HK,HKSE,Hongkong
Shenguan Holdings Group Ltd.,0829.HK,HKSE,Hongkong
Far East Global Group Ltd.,0830.HK,HKSE,Hongkong
Central China Real Estate,0832.HK,HKSE,Hongkong
Alltronics Holdings Ltd.,0833.HK,HKSE,Hongkong
China Kangda Food,0834.HK,HKSE,Hongkong
Asia Coal Ltd.,0835.HK,HKSE,Hongkong
China Resources Power,0836.HK,HKSE,Hongkong
EVA Precision Industrial,0838.HK,HKSE,Hongkong
Anhui Tianda Oil Pipe Co.,0839.HK,HKSE,Hongkong
Xinjiang Tianye Water,0840.HK,HKSE,Hongkong
Asia Cassava Reso HLD,0841.HK,HKSE,Hongkong
Leoch International,0842.HK,HKSE,Hongkong
Glorious Property,0845.HK,HKSE,Hongkong
Mingfa Group Co.,0846.HK,HKSE,Hongkong
Maoye International,0848.HK,HKSE,Hongkong
PetroAsian Energy,0850.HK,HKSE,Hongkong
Sheng Yuan Holdings Ltd.,0851.HK,HKSE,Hongkong
Strong Petrochemical Hld,0852.HK,HKSE,Hongkong
MicroPort Scientific Corp,0853.HK,HKSE,Hongkong
China Water Affairs Group Ltd.,0855.HK,HKSE,Hongkong
VST Holdings Ltd.,0856.HK,HKSE,Hongkong
PetroChina Co Ltd,0857.HK,HKSE,Hongkong
Extrawell Pharma.,0858.HK,HKSE,Hongkong
Henry Group Holdings Ltd.,0859.HK,HKSE,Hongkong
Ming Fung Jewellery Group Ltd.,0860.HK,HKSE,Hongkong
Digital China Holdings Ltd.,0861.HK,HKSE,Hongkong
Vision Values Holdings Ltd.,0862.HK,HKSE,Hongkong
China Qinfa Group Ltd.,0866.HK,HKSE,Hongkong
China Medical System,0867.HK,HKSE,Hongkong
Xinyi Glass Holdings Ltd.,0868.HK,HKSE,Hongkong
Playmates Toys Limited,0869.HK,HKSE,Hongkong
Jinheng Automotive Safety,0872.HK,HKSE,Hongkong
International Taifeng,0873.HK,HKSE,Hongkong
Guangzhou Pharmaceutical,0874.HK,HKSE,Hongkong
Ever Fortune Int'l,0875.HK,HKSE,Hongkong
Wing Lee Holdings Ltd.,0876.HK,HKSE,Hongkong
O-Net Communications Group,0877.HK,HKSE,Hongkong
Soundwill Holdings Ltd.,0878.HK,HKSE,Hongkong
SJM Holdings Limited,0880.HK,HKSE,Hongkong
Zhongsheng Group Holdings Ltd.,0881.HK,HKSE,Hongkong
Tianjin Development,0882.HK,HKSE,Hongkong
CNOOC, Ltd.,0883.HK,HKSE,Hongkong
Forefront Group Ltd.,0885.HK,HKSE,Hongkong
Silver Base Group,0886.HK,HKSE,Hongkong
Emperor Watch & Jewellery,0887.HK,HKSE,Hongkong
RoadShow Holdings Ltd.,0888.HK,HKSE,Hongkong
Datronix Holdings Ltd.,0889.HK,HKSE,Hongkong
Trinity Ltd.,0891.HK,HKSE,Hongkong
China Vanadium,0893.HK,HKSE,Hongkong
Man Yue Technology,0894.HK,HKSE,Hongkong
Dongjiang Environmental,0895.HK,HKSE,Hongkong
Hanison Construction,0896.HK,HKSE,Hongkong
Wai Yuen Tong Medicine,0897.HK,HKSE,Hongkong
Multifield International,0898.HK,HKSE,Hongkong
Asia Resources Holdings Ltd.,0899.HK,HKSE,Hongkong
Aeon Credit Service Co.,0900.HK,HKSE,Hongkong
Huaneng Power Internation,0902.HK,HKSE,Hongkong
TPV Technology Ltd.,0903.HK,HKSE,Hongkong
China Green holdings,0904.HK,HKSE,Hongkong
Mastermind Capital Limited,0905.HK,HKSE,Hongkong
CPMC Holdings Ltd.,0906.HK,HKSE,Hongkong
Elegance International,0907.HK,HKSE,Hongkong
Jiuzhou Development Co., Ltd.,0908.HK,HKSE,Hongkong
Zhongda International,0909.HK,HKSE,Hongkong
China Grand Forestry Reso,0910.HK,HKSE,Hongkong
Suga International,0912.HK,HKSE,Hongkong
Anhui Conch Cement,0914.HK,HKSE,Hongkong
Linmark Group Ltd.,0915.HK,HKSE,Hongkong
China Longyuan Power,0916.HK,HKSE,Hongkong
New World China Land Ltd.,0917.HK,HKSE,Hongkong
Takson Holdings Ltd.,0918.HK,HKSE,Hongkong
Modern Beauty Salon,0919.HK,HKSE,Hongkong
Hisense Kelon Electrical,0921.HK,HKSE,Hongkong
China Boon Holdings,0922.HK,HKSE,Hongkong
Fook Woo Group Holdings Ltd.,0923.HK,HKSE,Hongkong
Beijing Properties holdings,0925.HK,HKSE,Hongkong
Besunyen Holdings Co., Ltd.,0926.HK,HKSE,Hongkong
Fujikon Industrial,0927.HK,HKSE,Hongkong
Tack Fat Group Int'l,0928.HK,HKSE,Hongkong
IPE Group Ltd.,0929.HK,HKSE,Hongkong
China Forestry Holdings,0930.HK,HKSE,Hongkong
Artel Solutions Group,0931.HK,HKSE,Hongkong
Brightoil Petroluem holdings,0933.HK,HKSE,Hongkong
Sinopec Kantons Holdings Ltd.,0934.HK,HKSE,Hongkong
Manta Holdings Company Limited,0936.HK,HKSE,Hongkong
Man Sang International Ltd.,0938.HK,HKSE,Hongkong
China Construction Bank Corp,0939.HK,HKSE,Hongkong
China Mobile Ltd.,0941.HK,HKSE,Hongkong
eForce Holdings Ltd.,0943.HK,HKSE,Hongkong
Manulife Financial Corporation,0945.HK,HKSE,Hongkong
MOBI Development Co., Ltd.,0947.HK,HKSE,Hongkong
Z-Obee Holdings Limited,0948.HK,HKSE,Hongkong
Lee's Pharmaceutical,0950.HK,HKSE,Hongkong
Chaowei Power Holdings Ltd.,0951.HK,HKSE,Hongkong
Quam Ltd.,0952.HK,HKSE,Hongkong
Meike International,0953.HK,HKSE,Hongkong
China Suntien Green,0956.HK,HKSE,Hongkong
Amax Holdings Ltd.,0959.HK,HKSE,Hongkong
Longfor Properties,0960.HK,HKSE,Hongkong
Bloomage BioTechnology,0963.HK,HKSE,Hongkong
China Insurance,0966.HK,HKSE,Hongkong
Sound Global Ltd,0967.HK,HKSE,Hongkong
Hua Lien International,0969.HK,HKSE,Hongkong
Sparkle Roll Group Ltd.,0970.HK,HKSE,Hongkong
L'Occitane International SA,0973.HK,HKSE,Hongkong
Mongolian Mining Corp,0975.HK,HKSE,Hongkong
Chiho-Tiande Group ltd,0976.HK,HKSE,Hongkong
Tonic Industries Holdings Ltd.,0978.HK,HKSE,Hongkong
Green Energy Group Ltd.,0979.HK,HKSE,Hongkong
Lianhua Supermarket,0980.HK,HKSE,Hongkong
Semiconductor Mfg,0981.HK,HKSE,Hongkong
iOne Holdings Limited,0982.HK,HKSE,Hongkong
SOCAM Development Limited,0983.HK,HKSE,Hongkong
AEON Stores (Hong Kong),0984.HK,HKSE,Hongkong
CST Mining Group Limited,0985.HK,HKSE,Hongkong
China Environmental,0986.HK,HKSE,Hongkong
China Renewable Energy,0987.HK,HKSE,Hongkong
Loudong General Nice,0988.HK,HKSE,Hongkong
China Motion Telecom,0989.HK,HKSE,Hongkong
Theme International,0990.HK,HKSE,Hongkong
Datang International,0991.HK,HKSE,Hongkong
Lenovo Group, Ltd.,0992.HK,HKSE,Hongkong
Simsen International,0993.HK,HKSE,Hongkong
Anhui Expressway Limited,0995.HK,HKSE,Hongkong
Oriental Ginza Holdings Ltd.,0996.HK,HKSE,Hongkong
Chinlink International,0997.HK,HKSE,Hongkong
China Citic Bank,0998.HK,HKSE,Hongkong
I.T Ltd.,0999.HK,HKSE,Hongkong
Beijing Media Corporation Ltd.,1000.HK,HKSE,Hongkong
Van Shung Chong Holdings Ltd.,1001.HK,HKSE,Hongkong
V.S. International Group Ltd.,1002.HK,HKSE,Hongkong
21 Holdings Ltd,1003.HK,HKSE,Hongkong
Rising Development,1004.HK,HKSE,Hongkong
Matrix Holdings Ltd.,1005.HK,HKSE,Hongkong
China Corn Oil Co., Ltd.,1006.HK,HKSE,Hongkong
Brilliant Circle Holdings,1008.HK,HKSE,Hongkong
Int'lEntertainment Corp.,1009.HK,HKSE,Hongkong
PacMOS Technologies,1010.HK,HKSE,Hongkong
Wai Chun Group Holdings Ltd.,1013.HK,HKSE,Hongkong
Convoy Financial Services,1019.HK,HKSE,Hongkong
Sinoref Holdings Ltd.,1020.HK,HKSE,Hongkong
Midas Holdings Limited,1021.HK,HKSE,Hongkong
Universal Technologies,1026.HK,HKSE,Hongkong
IRC Ltd.,1029.HK,HKSE,Hongkong
Sinopec Yizheng Chemical,1033.HK,HKSE,Hongkong
Winsor Properties,1036.HK,HKSE,Hongkong
Daiwa Associate Holdings Ltd.,1037.HK,HKSE,Hongkong
Cheung Kong Infrastr,1038.HK,HKSE,Hongkong
Changfeng Axle Co.,1039.HK,HKSE,Hongkong
Fulbond Holdings Ltd.,1041.HK,HKSE,Hongkong
Coslight Technology,1043.HK,HKSE,Hongkong
Hengan International,1044.HK,HKSE,Hongkong
APT Satellite Holdings, Ltd.,1045.HK,HKSE,Hongkong
Universe International,1046.HK,HKSE,Hongkong
Ngai Hing Hong Co., Ltd.,1047.HK,HKSE,Hongkong
Net2Gather Holdings,1049.HK,HKSE,Hongkong
Karrie International,1050.HK,HKSE,Hongkong
G-Resources Group Ltd.,1051.HK,HKSE,Hongkong
GZI Transport Ltd.,1052.HK,HKSE,Hongkong
Chongqing Iron And Steel,1053.HK,HKSE,Hongkong
China Southern Airlines,1055.HK,HKSE,Hongkong
Guangdong Tannery Ltd.,1058.HK,HKSE,Hongkong
Kantone Holdings Ltd.,1059.HK,HKSE,Hongkong
China Vision Media Group Ltd.,1060.HK,HKSE,Hongkong
New Capital International,1062.HK,HKSE,Hongkong
SunCorp Technologies Ltd.,1063.HK,HKSE,Hongkong
Zhong Hua International,1064.HK,HKSE,Hongkong
Tianjin Capital Environme,1065.HK,HKSE,Hongkong
Shandong Weigao Group,1066.HK,HKSE,Hongkong
China Yurun Food Group Ltd.,1068.HK,HKSE,Hongkong
TCL Multimedia Tech.,1070.HK,HKSE,Hongkong
Huadian Power Internation,1071.HK,HKSE,Hongkong
Dongfang Electric Limited,1072.HK,HKSE,Hongkong
China Agrotech Holdings Ltd.,1073.HK,HKSE,Hongkong
First Natural Foods,1076.HK,HKSE,Hongkong
Shengli Oil & Gas Pipe,1080.HK,HKSE,Hongkong
Towngas China Co., Ltd.,1083.HK,HKSE,Hongkong
Hengxin Technology Ltd.,1085.HK,HKSE,Hongkong
Goodbaby International,1086.HK,HKSE,Hongkong
HL Technology Group Limited,1087.HK,HKSE,Hongkong
China Shenhua Energy,1088.HK,HKSE,Hongkong
Da Ming International,1090.HK,HKSE,Hongkong
CITIC Dameng Holdings Limited,1091.HK,HKSE,Hongkong
China Pharmaceutical,1093.HK,HKSE,Hongkong
I-Cable Communications,1097.HK,HKSE,Hongkong
Road King Infrastructure Ltd.,1098.HK,HKSE,Hongkong
Sinopharm Group Co., Ltd.,1099.HK,HKSE,Hongkong
Mainland Headwear,1100.HK,HKSE,Hongkong
China Rongsheng Heavy,1101.HK,HKSE,Hongkong
APAC Resources Ltd.,1104.HK,HKSE,Hongkong
Sing Tao News Corporation Ltd.,1105.HK,HKSE,Hongkong
Luoyang Glass Company Limited,1108.HK,HKSE,Hongkong
China Resources Land Ltd.,1109.HK,HKSE,Hongkong
Kingworld Medicines Group Ltd.,1110.HK,HKSE,Hongkong
Chong Hing Bank Ltd.,1111.HK,HKSE,Hongkong
Biostime International,1112.HK,HKSE,Hongkong
Brilliance China Auto Hld,1114.HK,HKSE,Hongkong
Mayer Holdings Ltd.,1116.HK,HKSE,Hongkong
China Modern Dairy,1117.HK,HKSE,Hongkong
Golik Holdings Ltd.,1118.HK,HKSE,Hongkong
Arts Optical Int'l,1120.HK,HKSE,Hongkong
Qingling Motors Co., Ltd.,1122.HK,HKSE,Hongkong
China-Hk Photo Products,1123.HK,HKSE,Hongkong
Coastal Greenland Ltd.,1124.HK,HKSE,Hongkong
Lai Fung Holdings Ltd.,1125.HK,HKSE,Hongkong
Dream International Ltd.,1126.HK,HKSE,Hongkong
Wynn Macau Ltd.,1128.HK,HKSE,Hongkong
China Water Industry,1129.HK,HKSE,Hongkong
China Environmental,1130.HK,HKSE,Hongkong
Agritrade Resources Ltd.,1131.HK,HKSE,Hongkong
Orange Sky Golden Harvest,1132.HK,HKSE,Hongkong
Harbin Electric Company Ltd,1133.HK,HKSE,Hongkong
Asia Sat Telecom Hldg,1135.HK,HKSE,Hongkong
TCC International,1136.HK,HKSE,Hongkong
City Telecom Ltd.,1137.HK,HKSE,Hongkong
China Shipping,1138.HK,HKSE,Hongkong
Victory Group Ltd.,1139.HK,HKSE,Hongkong
OP Financial Investments Ltd.,1140.HK,HKSE,Hongkong
Poly Development Holdings Ltd.,1141.HK,HKSE,Hongkong
Siberian Mining Group Co Ltd,1142.HK,HKSE,Hongkong
Anxin-China Holdings Ltd,1149.HK,HKSE,Hongkong
Centron Telecom,1155.HK,HKSE,Hongkong
Zoomlion Heavy Industry,1157.HK,HKSE,Hongkong
Karce International,1159.HK,HKSE,Hongkong
Grand Investment,1160.HK,HKSE,Hongkong
Water Oasis Group Ltd.,1161.HK,HKSE,Hongkong
Dejin Resources Group,1163.HK,HKSE,Hongkong
CGN Mining Company Limited,1164.HK,HKSE,Hongkong
Solartech International,1166.HK,HKSE,Hongkong
Sinolink Worldwide,1168.HK,HKSE,Hongkong
Haier Electronics Group,1169.HK,HKSE,Hongkong
Kingmaker Footwear,1170.HK,HKSE,Hongkong
Yanzhou Coal Mining,1171.HK,HKSE,Hongkong
Midas International,1172.HK,HKSE,Hongkong
Veeko International,1173.HK,HKSE,Hongkong
Pacific Andes Resources,1174.HK,HKSE,Hongkong
Zhuguang Holdings Group,1176.HK,HKSE,Hongkong
Sino Biopharmaceutical Ltd.,1177.HK,HKSE,Hongkong
Vitop Bioenergy Holdings Ltd.,1178.HK,HKSE,Hongkong
Paradise Entertainment Ltd.,1180.HK,HKSE,Hongkong
C Y Foundation Group Ltd.,1182.HK,HKSE,Hongkong
S.A.S. Dragon Holdings Ltd.,1184.HK,HKSE,Hongkong
China Energine,1185.HK,HKSE,Hongkong
China Railway Constructio,1186.HK,HKSE,Hongkong
Pearl River Tyre holdings,1187.HK,HKSE,Hongkong
Hybrid Kinetic Group Ltd.,1188.HK,HKSE,Hongkong
Rosedale Hotel Holdings Ltd.,1189.HK,HKSE,Hongkong
Yueshou Environmental,1191.HK,HKSE,Hongkong
Titan Petrochemicals Grou,1192.HK,HKSE,Hongkong
China Resources Gas Group Ltd.,1193.HK,HKSE,Hongkong
China Precious Metal,1194.HK,HKSE,Hongkong
Kingwell Group Ltd.,1195.HK,HKSE,Hongkong
Cheong Ming Investments Ltd.,1196.HK,HKSE,Hongkong
Chitaly Holdings Ltd.,1198.HK,HKSE,Hongkong
Cosco Pacific Ltd.,1199.HK,HKSE,Hongkong
Midland Holdings Ltd.,1200.HK,HKSE,Hongkong
Kith Holdings Ltd.,1201.HK,HKSE,Hongkong
Chengdu PUTIAN,1202.HK,HKSE,Hongkong
Guangnan holdings,1203.HK,HKSE,Hongkong
CITIC Resources Holdings Ltd.,1205.HK,HKSE,Hongkong
SRE Group Ltd.,1207.HK,HKSE,Hongkong
Minmetals Resources Ltd.,1208.HK,HKSE,Hongkong
BYD Co., Ltd.,1211.HK,HKSE,Hongkong
Lifestyle International,1212.HK,HKSE,Hongkong
Mobicon Group Ltd.,1213.HK,HKSE,Hongkong
Kai Yuan Holdings Ltd.,1215.HK,HKSE,Hongkong
China Innovation,1217.HK,HKSE,Hongkong
Easyknit International,1218.HK,HKSE,Hongkong
Ocean Grand Holdings, Ltd.,1220.HK,HKSE,Hongkong
Sino Hotels holdings,1221.HK,HKSE,Hongkong
Wang On Group Ltd.,1222.HK,HKSE,Hongkong
Symphony Holdings Ltd.,1223.HK,HKSE,Hongkong
C C Land Holdings Ltd.,1224.HK,HKSE,Hongkong
Lerado Group Co.,1225.HK,HKSE,Hongkong
Superb Summit,1228.HK,HKSE,Hongkong
Nan Nan Resources,1229.HK,HKSE,Hongkong
Yashili International,1230.HK,HKSE,Hongkong
China Lilang Limited,1234.HK,HKSE,Hongkong
Powerlong Real Estate,1238.HK,HKSE,Hongkong
Huiyin Household,1280.HK,HKSE,Hongkong
World Wide Touch,1282.HK,HKSE,Hongkong
Agricultural Bank,1288.HK,HKSE,Hongkong
AIA Group Ltd.,1299.HK,HKSE,Hongkong
SITC International,1308.HK,HKSE,Hongkong
China Resources Cement,1313.HK,HKSE,Hongkong
Greens Holdings Ltd.,1318.HK,HKSE,Hongkong
International Elite Ltd.,1328.HK,HKSE,Hongkong
China Zhongwang,1333.HK,HKSE,Hongkong
BaWang International Group,1338.HK,HKSE,Hongkong
361 Degrees International Ltd.,1361.HK,HKSE,Hongkong
Xtep International,1368.HK,HKSE,Hongkong
Pacific Textiles Holdings Ltd.,1382.HK,HKSE,Hongkong
Sun Century Group Limited,1383.HK,HKSE,Hongkong
Walker Group Holdings Ltd.,1386.HK,HKSE,Hongkong
Renhe Commercial,1387.HK,HKSE,Hongkong
Embry Holdings Ltd.,1388.HK,HKSE,Hongkong
Hidili Industry,1393.HK,HKSE,Hongkong
Industrial And Commercial,1398.HK,HKSE,Hongkong
Scud Group Ltd.,1399.HK,HKSE,Hongkong
Bright Smart Securities,1428.HK,HKSE,Hongkong
MIE Holdings Corporation,1555.HK,HKSE,Hongkong
China Tian Lun Gas,1600.HK,HKSE,Hongkong
Metallurgical of China,1618.HK,HKSE,Hongkong
Yuzhou Properties Co., Ltd.,1628.HK,HKSE,Hongkong
Magic Holdings,1633.HK,HKSE,Hongkong
Kaisa Group Holdings Ltd.,1638.HK,HKSE,Hongkong
Tong Ren Tang,1666.HK,HKSE,Hongkong
China South City Hol,1668.HK,HKSE,Hongkong
Ford Glory Group Holdings Ltd.,1682.HK,HKSE,Hongkong
Boer Power Holdings Ltd.,1685.HK,HKSE,Hongkong
Boshiwa International,1698.HK,HKSE,Hongkong
Springland International,1700.HK,HKSE,Hongkong
Ausnutria Dairy,1717.HK,HKSE,Hongkong
China ZhengTong Auto,1728.HK,HKSE,Hongkong
Winsway Coking Coal,1733.HK,HKSE,Hongkong
CSR Corporation Ltd.,1766.HK,HKSE,Hongkong
Sateri Holdings Ltd.,1768.HK,HKSE,Hongkong
Fantasia Holdings Group,1777.HK,HKSE,Hongkong
Guotai Junan,1788.HK,HKSE,Hongkong
China Communications,1800.HK,HKSE,Hongkong
Enterprise Development,1808.HK,HKSE,Hongkong
Shandong Chenming Paper H,1812.HK,HKSE,Hongkong
KWG Property Holding Ltd.,1813.HK,HKSE,Hongkong
Zhaojin Mining Industry,1818.HK,HKSE,Hongkong
Huayu Expressway Group Ltd.,1823.HK,HKSE,Hongkong
Dah Chong Hong,1828.HK,HKSE,Hongkong
Shifang Holding Ltd.,1831.HK,HKSE,Hongkong
Intime Department Store Group,1833.HK,HKSE,Hongkong
Stella International,1836.HK,HKSE,Hongkong
China Properties Group Ltd.,1838.HK,HKSE,Hongkong
Chnia XLX Fertiliser Ltd.,1866.HK,HKSE,Hongkong
Neo-Neon Holdings Ltd.,1868.HK,HKSE,Hongkong
SouthGobi Energy,1878.HK,HKSE,Hongkong
Belle International,1880.HK,HKSE,Hongkong
Regal Real Estate Invt,1881.HK,HKSE,Hongkong
Haitian International,1882.HK,HKSE,Hongkong
Citic Telecom,1883.HK,HKSE,Hongkong
China Huiyuan Juice Group Ltd.,1886.HK,HKSE,Hongkong
Kingboard Laminates,1888.HK,HKSE,Hongkong
Wuyi International,1889.HK,HKSE,Hongkong
China National Materials,1893.HK,HKSE,Hongkong
China Coal Energy Co., Ltd.,1898.HK,HKSE,Hongkong
Xingda International,1899.HK,HKSE,Hongkong
China ITS holdings,1900.HK,HKSE,Hongkong
China Cosco Holdings,1919.HK,HKSE,Hongkong
Sands China Ltd.,1928.HK,HKSE,Hongkong
Chu Kong Petroleum,1938.HK,HKSE,Hongkong
China Property Holdings,1966.HK,HKSE,Hongkong
Peak Sport Products Co., Ltd.,1968.HK,HKSE,Hongkong
China Minsheng Banking,1988.HK,HKSE,Hongkong
Ta Yang Group Holdings Ltd.,1991.HK,HKSE,Hongkong
Regent Manner Int'l,1997.HK,HKSE,Hongkong
Flyke International,1998.HK,HKSE,Hongkong
Man Wah Holdings Limited,1999.HK,HKSE,Hongkong
SIM Technology Group Ltd.,2000.HK,HKSE,Hongkong
Lijun International,2005.HK,HKSE,Hongkong
Shanghai Jin Jiang Int'l,2006.HK,HKSE,Hongkong
Country Garden Holdings,2007.HK,HKSE,Hongkong
Phoenix Satellite TV,2008.HK,HKSE,Hongkong
BBMG Corporation,2009.HK,HKSE,Hongkong
Real Nutriceutical Group Ltd,2010.HK,HKSE,Hongkong
AAC Acoustic Technologies,2018.HK,HKSE,Hongkong
ANTA Sports Products Ltd.,2020.HK,HKSE,Hongkong
Jolimark Holdings Ltd.,2028.HK,HKSE,Hongkong
Foxconn International,2038.HK,HKSE,Hongkong
Xiwang Sugar Holdings Co.,2088.HK,HKSE,Hongkong
Tian Shan Development,2118.HK,HKSE,Hongkong
China Liansu Group,2128.HK,HKSE,Hongkong
Yingde Gases Group Co., Ltd.,2168.HK,HKSE,Hongkong
China Titians Energy,2188.HK,HKSE,Hongkong
China Sanjiang Fine,2198.HK,HKSE,Hongkong
Xinjiang Goldwind Science,2208.HK,HKSE,Hongkong
NVC Lighting Holding Ltd.,2222.HK,HKSE,Hongkong
Costin New Materials,2228.HK,HKSE,Hongkong
West China Cement Ltd.,2233.HK,HKSE,Hongkong
Guangzhou Automobile,2238.HK,HKSE,Hongkong
Kosmopolito Hotels,2266.HK,HKSE,Hongkong
Youyuan International,2268.HK,HKSE,Hongkong
Sundart International,2288.HK,HKSE,Hongkong
AMVIG Holdings Ltd.,2300.HK,HKSE,Hongkong
CNNC International Ltd.,2302.HK,HKSE,Hongkong
Kam Hing International,2307.HK,HKSE,Hongkong
EVOC Intelligent,2308.HK,HKSE,Hongkong
Birmingham International,2309.HK,HKSE,Hongkong
Kwang Sung Electronics,2310.HK,HKSE,Hongkong
Shenzhou International,2313.HK,HKSE,Hongkong
Lee & Man Paper,2314.HK,HKSE,Hongkong
Vedan International holdings,2317.HK,HKSE,Hongkong
Ping An Insurance Group,2318.HK,HKSE,Hongkong
China Mengniu Dairy Co., Ltd.,2319.HK,HKSE,Hongkong
Hop Fung Group Holdings Ltd.,2320.HK,HKSE,Hongkong
Sam Woo Holdings Ltd.,2322.HK,HKSE,Hongkong
Topsearch International,2323.HK,HKSE,Hongkong
Capital VC Ltd.,2324.HK,HKSE,Hongkong
BEP International,2326.HK,HKSE,Hongkong
Jiwa Bio-Pharm Holdings Ltd.,2327.HK,HKSE,Hongkong
PICC Property,2328.HK,HKSE,Hongkong
China Uptown Group Co., Ltd.,2330.HK,HKSE,Hongkong
Li Ning Co., Ltd.,2331.HK,HKSE,Hongkong
Great Wall Motor Co., Ltd.,2333.HK,HKSE,Hongkong
Sunlink International,2336.HK,HKSE,Hongkong
Weichai Power Co., Ltd.,2338.HK,HKSE,Hongkong
Synergis Holdings Ltd.,2340.HK,HKSE,Hongkong
EcoGreen Fine Chemicals,2341.HK,HKSE,Hongkong
Comba Telecom Systems,2342.HK,HKSE,Hongkong
Pacific Basin Shipping Ltd.,2343.HK,HKSE,Hongkong
Shanghai Prime Machinery,2345.HK,HKSE,Hongkong
Dawnrays Pharmaceutical,2348.HK,HKSE,Hongkong
China Water Property,2349.HK,HKSE,Hongkong
Baoye Group Co., Ltd.,2355.HK,HKSE,Hongkong
Dah Sing Banking Group Ltd.,2356.HK,HKSE,Hongkong
AviChina Industry,2357.HK,HKSE,Hongkong
Jinchuan Group,2362.HK,HKSE,Hongkong
Qin Jia Yuan Media,2366.HK,HKSE,Hongkong
Eagle Nice (International,2368.HK,HKSE,Hongkong
China Wireless,2369.HK,HKSE,Hongkong
China Oriental Culture,2371.HK,HKSE,Hongkong
Prudential PLC,2378.HK,HKSE,Hongkong
Zhongtian International Ltd.,2379.HK,HKSE,Hongkong
China Power International,2380.HK,HKSE,Hongkong
Sunny Optical Technology Group,2382.HK,HKSE,Hongkong
TOM Group Ltd.,2383.HK,HKSE,Hongkong
BOC Hong Kong Holdings Ltd,2388.HK,HKSE,Hongkong
Genvon Group Limited,2389.HK,HKSE,Hongkong
Good Friend International,2398.HK,HKSE,Hongkong
Trony Solar Holdings,2468.HK,HKSE,Hongkong
Aluminum Corporation,2600.HK,HKSE,Hongkong
China Pacific Insurance Group,2601.HK,HKSE,Hongkong
TCL Communication,2618.HK,HKSE,Hongkong
Hunan Nonferrous Metals,2626.HK,HKSE,Hongkong
China Life Insurance Co Ltd,2628.HK,HKSE,Hongkong
Fittec International,2662.HK,HKSE,Hongkong
Pak Tak International Ltd.,2668.HK,HKSE,Hongkong
Texhong Textile Group Ltd.,2678.HK,HKSE,Hongkong
ENN Energy Holdings Ltd.,2688.HK,HKSE,Hongkong
Nine Dragons Paper holdings,2689.HK,HKSE,Hongkong
Weiqiao Textile Co., Ltd.,2698.HK,HKSE,Hongkong
Smart Union Group holdings,2700.HK,HKSE,Hongkong
Chongqing Machin & Electr,2722.HK,HKSE,Hongkong
Shanghai Electric Group,2727.HK,HKSE,Hongkong
Shinhint Acoustic Link,2728.HK,HKSE,Hongkong
Guangzhou R&F,2777.HK,HKSE,Hongkong
Champion Real Estate,2778.HK,HKSE,Hongkong
Yorkey Optical Internatio,2788.HK,HKSE,Hongkong
Beijing Capital Land Ltd.,2868.HK,HKSE,Hongkong
China Shineway Pharma.,2877.HK,HKSE,Hongkong
Solomon Systech,2878.HK,HKSE,Hongkong
Dalian Port (PDA) Co., Ltd.,2880.HK,HKSE,Hongkong
Hong Kong Resources,2882.HK,HKSE,Hongkong
China Oilfield Services,2883.HK,HKSE,Hongkong
Standard Chartered PLC,2888.HK,HKSE,Hongkong
China Nickel Resources,2889.HK,HKSE,Hongkong
Longrun Tea Group Co., Ltd.,2898.HK,HKSE,Hongkong
Zijin Mining Group Co., Ltd.,2899.HK,HKSE,Hongkong
China Glass Holdings Ltd.,3300.HK,HKSE,Hongkong
Jutal Offshore Oil Serv.,3303.HK,HKSE,Hongkong
Golden Eagle Retail Group Ltd.,3308.HK,HKSE,Hongkong
CSCI Holdings Ltd.,3311.HK,HKSE,Hongkong
China Flavors,3318.HK,HKSE,Hongkong
Win Hanverky Holdings Ltd.,3322.HK,HKSE,Hongkong
China National Building,3323.HK,HKSE,Hongkong
Bank Of Communications,3328.HK,HKSE,Hongkong
Lingbao Gold Co., Ltd.,3330.HK,HKSE,Hongkong
Vinda International,3331.HK,HKSE,Hongkong
Evergrande Real Estate,3333.HK,HKSE,Hongkong
DBA Telecomm (Asia),3335.HK,HKSE,Hongkong
Ju Teng International,3336.HK,HKSE,Hongkong
Anton Oilfield Services Group,3337.HK,HKSE,Hongkong
Lonking Holdings Ltd.,3339.HK,HKSE,Hongkong
Advanced Semiconductor Mg,3355.HK,HKSE,Hongkong
Overseas Chinese Town (As,3366.HK,HKSE,Hongkong
Parkson Retail Group Ltd.,3368.HK,HKSE,Hongkong
Sino-Ocean Land,3377.HK,HKSE,Hongkong
Xiamen International Port,3378.HK,HKSE,Hongkong
Tianjin Port Development,3382.HK,HKSE,Hongkong
Agile Property Holdings Ltd.,3383.HK,HKSE,Hongkong
Hengdeli Holdings Ltd.,3389.HK,HKSE,Hongkong
Wasion Group Holdings Ltd.,3393.HK,HKSE,Hongkong
China Ting Group Holdings Ltd.,3398.HK,HKSE,Hongkong
Guangdong Nan Yue,3399.HK,HKSE,Hongkong
Chongqing Rural,3618.HK,HKSE,Hongkong
Great Harvest Maeta Group,3683.HK,HKSE,Hongkong
GCL-Poly Energy,3800.HK,HKSE,Hongkong
Sinotruk (Hong Kong) Limited,3808.HK,HKSE,Hongkong
Pou Sheng International,3813.HK,HKSE,Hongkong
China Dongxiang Group,3818.HK,HKSE,Hongkong
Tech Pro Technology,3823.HK,HKSE,Hongkong
Ming Fai International,3828.HK,HKSE,Hongkong
Xinxin Mining Industry,3833.HK,HKSE,Hongkong
China Starch Holdings Limited,3838.HK,HKSE,Hongkong
Qunxing Paper,3868.HK,HKSE,Hongkong
China Aoyuan Property,3883.HK,HKSE,Hongkong
Town Health International,3886.HK,HKSE,Hongkong
Kingsoft Corporation Limited,3888.HK,HKSE,Hongkong
Global Sweeteners,3889.HK,HKSE,Hongkong
Zhuzhou CSR Times,3898.HK,HKSE,Hongkong
CIMC Enric Holdings Ltd.,3899.HK,HKSE,Hongkong
Greentown China Holdings Ltd.,3900.HK,HKSE,Hongkong
NagaCorp Ltd.,3918.HK,HKSE,Hongkong
United Laboratories Int'l,3933.HK,HKSE,Hongkong
China Merchants Bank Co., Ltd.,3968.HK,HKSE,Hongkong
China BlueChemical Ltd.,3983.HK,HKSE,Hongkong
Bank Of China Ltd.,3988.HK,HKSE,Hongkong
New Environmental Energy,3989.HK,HKSE,Hongkong
China Molybdenum Co., Ltd.,3993.HK,HKSE,Hongkong
Bosideng International,3998.HK,HKSE,Hongkong
DaChan Food (Asia) Limited,3999.HK,HKSE,Hongkong
Intel Corp,4335.HK,HKSE,Hongkong
Starbucks Corporation,4337.HK,HKSE,Hongkong
Microsoft Corporation,4338.HK,HKSE,Hongkong
Vale SA,6210.HK,HKSE,Hongkong
Vale SA,6230.HK,HKSE,Hongkong
Great World Holdings,8003.HK,HKSE,Hongkong
Yuxing InfoTech,8005.HK,HKSE,Hongkong
China.com Inc.,8006.HK,HKSE,Hongkong
Digitalhongkong.com,8007.HK,HKSE,Hongkong
Sunevision Holdings Ltd.,8008.HK,HKSE,Hongkong
iMerchants Ltd.,8009.HK,HKSE,Hongkong
Polyard Petroleum,8011.HK,HKSE,Hongkong
China Data Broadcasting,8016.HK,HKSE,Hongkong
Long Success,8017.HK,HKSE,Hongkong
Everpride,8019.HK,HKSE,Hongkong
WLS Holdings Ltd.,8021.HK,HKSE,Hongkong
Asian Capital Resources,8025.HK,HKSE,Hongkong
Prosten Tech.,8026.HK,HKSE,Hongkong
Timeless Software Ltd.,8028.HK,HKSE,Hongkong
Sun International,8029.HK,HKSE,Hongkong
Viva China Holdings Ltd.,8032.HK,HKSE,Hongkong
Vodatel Networks Holdings Ltd.,8033.HK,HKSE,Hongkong
Binhai Investment Co., Ltd.,8035.HK,HKSE,Hongkong
Longlife Group Holdings Ltd.,8037.HK,HKSE,Hongkong
China Post E-Commerce holdings,8041.HK,HKSE,Hongkong
ERA Holdings Global Ltd,8043.HK,HKSE,Hongkong
Jiangsu Nandasoft Co., Ltd.,8045.HK,HKSE,Hongkong
Heng Xin China Holdings Ltd.,8046.HK,HKSE,Hongkong
Palmpay China holdings,8047.HK,HKSE,Hongkong
Excel Tech. Int'l,8048.HK,HKSE,Hongkong
Jilin Province Huinan,8049.HK,HKSE,Hongkong
FlexSystem Holdings Ltd.,8050.HK,HKSE,Hongkong
TeleEye Holdings Ltd.,8051.HK,HKSE,Hongkong
China Electric Power,8053.HK,HKSE,Hongkong
China E-Learning Group Ltd.,8055.HK,HKSE,Hongkong
Shandong Luoxin Pharmacy,8058.HK,HKSE,Hongkong
Global Link,8060.HK,HKSE,Hongkong
AcrossAsia Ltd.,8061.HK,HKSE,Hongkong
Trasy Gold Ex Ltd.,8063.HK,HKSE,Hongkong
Cardlink Technology Group Ltd.,8066.HK,HKSE,Hongkong
New Universe Int'l,8068.HK,HKSE,Hongkong
Zhongyu Gas Holdings Ltd.,8070.HK,HKSE,Hongkong
China Netcom Technology,8071.HK,HKSE,Hongkong
Media Asia Group Holdings Ltd,8075.HK,HKSE,Hongkong
Sing Lee Software Group,8076.HK,HKSE,Hongkong
China 3D Digital,8078.HK,HKSE,Hongkong
North Asia Strategic,8080.HK,HKSE,Hongkong
Computech Holdings Ltd.,8081.HK,HKSE,Hongkong
SYSCAN Tech.,8083.HK,HKSE,Hongkong
ZMAY Holdings Ltd.,8085.HK,HKSE,Hongkong
ePRO Ltd.,8086.HK,HKSE,Hongkong
Crosby Capital Ltd.,8088.HK,HKSE,Hongkong
China Railway Logistics Ltd.,8089.HK,HKSE,Hongkong
ITE holdings,8092.HK,HKSE,Hongkong
Beijing Beida Jade Bird,8095.HK,HKSE,Hongkong
Ruifeng Petroleum,8096.HK,HKSE,Hongkong
M Dream Inworld Ltd.,8100.HK,HKSE,Hongkong
Shanghai Fudan,8102.HK,HKSE,Hongkong
Tai Shing International,8103.HK,HKSE,Hongkong
Zheda Lande Scitech Ltd.,8106.HK,HKSE,Hongkong
FAVA International,8108.HK,HKSE,Hongkong
Creative Energy Solutions,8109.HK,HKSE,Hongkong
Soluteck Holdings Ltd.,8111.HK,HKSE,Hongkong
China Public Healthcare,8116.HK,HKSE,Hongkong
China Primary Resources,8117.HK,HKSE,Hongkong
Thiz Technology Group Ltd.,8119.HK,HKSE,Hongkong
China Medical & Bio Sci.,8120.HK,HKSE,Hongkong
First China Financial,8123.HK,HKSE,Hongkong
G.A. Holdings Ltd.,8126.HK,HKSE,Hongkong
China Ground Source Energ,8128.HK,HKSE,Hongkong
China Bio Cassava Holding,8129.HK,HKSE,Hongkong
abc Multiactive Ltd.,8131.HK,HKSE,Hongkong
Honbridge Holdings Ltd.,8137.HK,HKSE,Hongkong
Hua Xia Healthcare,8143.HK,HKSE,Hongkong
Code Agriculture holdings,8153.HK,HKSE,Hongkong
South China Land Ltd.,8155.HK,HKSE,Hongkong
China Vanguard Group Ltd.,8156.HK,HKSE,Hongkong
China Bio-Med,8158.HK,HKSE,Hongkong
Glory Mark Hi-Tech holdings,8159.HK,HKSE,Hongkong
China LotSynergy Holdings Ltd.,8161.HK,HKSE,Hongkong
Merdeka Resources,8163.HK,HKSE,Hongkong
Jian ePayment Systems Ltd.,8165.HK,HKSE,Hongkong
China Eco-Farming Ltd.,8166.HK,HKSE,Hongkong
Neo Telemedia Ltd.,8167.HK,HKSE,Hongkong
Eco-Tek Holdings Ltd.,8169.HK,HKSE,Hongkong
China Trends Holdings Ltd.,8171.HK,HKSE,Hongkong
Pan Asia Mining Ltd.,8173.HK,HKSE,Hongkong
China Digital Licensing Group,8175.HK,HKSE,Hongkong
China AU Group Ltd.,8176.HK,HKSE,Hongkong
China Info Techn,8178.HK,HKSE,Hongkong
China Asean Resources Ltd.,8186.HK,HKSE,Hongkong
Tianjin TEDA Biomedical,8189.HK,HKSE,Hongkong
Combest Holdings Limited,8190.HK,HKSE,Hongkong
Northeast Tiger,8197.HK,HKSE,Hongkong
MelcoLot Ltd.,8198.HK,HKSE,Hongkong
Sau San Tong Holdings Ltd.,8200.HK,HKSE,Hongkong
Inno-Tech Holdings Ltd.,8202.HK,HKSE,Hongkong
Kaisun Energy Group Ltd.,8203.HK,HKSE,Hongkong
Shanghai Jiaoda Withub,8205.HK,HKSE,Hongkong
China Communication,8206.HK,HKSE,Hongkong
Credit China Holdings Ltd.,8207.HK,HKSE,Hongkong
Changmao Biochemical,8208.HK,HKSE,Hongkong
Advanced Card Systems,8210.HK,HKSE,Hongkong
Zhejiang Yonglong,8211.HK,HKSE,Hongkong
Hong Kong Life Group,8212.HK,HKSE,Hongkong
Armitage Technologies,8213.HK,HKSE,Hongkong
Changan Minsheng,8217.HK,HKSE,Hongkong
Bingo Group Holdings Ltd.,8220.HK,HKSE,Hongkong
Venturepharm Laboratories Ltd.,8225.HK,HKSE,Hongkong
Sunrise Technology Group,8226.HK,HKSE,Hongkong
Xi'an Haitian Antenna,8227.HK,HKSE,Hongkong
National Arts Holdings Ltd.,8228.HK,HKSE,Hongkong
Shanghai Fudan-Zhangjiang,8231.HK,HKSE,Hongkong
CIG Yangtze Ports PLC,8233.HK,HKSE,Hongkong
CCID Consulting Co., Ltd.,8235.HK,HKSE,Hongkong
Powerleader Science,8236.HK,HKSE,Hongkong
Ming Kei Holdings Ltd.,8239.HK,HKSE,Hongkong
Dahe Media Co., Ltd.,8243.HK,HKSE,Hongkong
Biosino Bio-Tech. & Scien,8247.HK,HKSE,Hongkong
Ningbo Yidong Electronic,8249.HK,HKSE,Hongkong
China Natural Investment,8250.HK,HKSE,Hongkong
Shanghai Tonva,8251.HK,HKSE,Hongkong
Sanmenxia Tianyuan,8253.HK,HKSE,Hongkong
Netel Technology holdings,8256.HK,HKSE,Hongkong
Shaanxi Northwest New,8258.HK,HKSE,Hongkong
Mobile Telecom Network,8266.HK,HKSE,Hongkong
Wealth Glory Holdings Ltd.,8269.HK,HKSE,Hongkong
China Leason CBM & Shale,8270.HK,HKSE,Hongkong
Global Digital Creations,8271.HK,HKSE,Hongkong
Chinese Food and Beverage,8272.HK,HKSE,Hongkong
Zhejiang Prospect Co., Ltd.,8273.HK,HKSE,Hongkong
AGTech Holdings Ltd.,8279.HK,HKSE,Hongkong
Shanxi Changcheng,8286.HK,HKSE,Hongkong
Tianjin Tianlian Public,8290.HK,HKSE,Hongkong
HC International, Inc.,8292.HK,HKSE,Hongkong
Sino-Life Group Ltd.,8296.HK,HKSE,Hongkong
AKM Industrial Company Ltd.,8298.HK,HKSE,Hongkong
SZ Mingwah Aohan,8301.HK,HKSE,Hongkong
China Nonferrous Metals,8306.HK,HKSE,Hongkong
Finet Group Ltd.,8317.HK,HKSE,Hongkong
China Automotive Interior,8321.HK,HKSE,Hongkong
Oriental City Group,8325.HK,HKSE,Hongkong
Shenzhen Neptunus,8329.HK,HKSE,Hongkong
Directel Holdings Ltd.,8337.HK,HKSE,Hongkong
Vinco Financial Group Ltd.,8340.HK,HKSE,Hongkong
Tianjin Binhai Teda,8348.HK,HKSE,Hongkong
Larry Jewelry,8351.HK,HKSE,Hongkong
CNC Holdings Ltd,8356.HK,HKSE,Hongkong
