Deep Space Media Group AG,0DS.DE,XETRA,Germany
2G energy AG,2GB.DE,XETRA,Germany
GIEAG,2GI.DE,XETRA,Germany
VimpelCom Ltd,35V.DE,XETRA,Germany
Archea Biogas Nv,3AB.DE,XETRA,Germany
Global Oil & Gas AG,3GO.DE,XETRA,Germany
Greater China Precision,49G.DE,XETRA,Germany
BYD Electronic,4BY.DE,XETRA,Germany
China Railway Constructio,4FF.DE,XETRA,Germany
Asian Bamboo AG,5AB.DE,XETRA,Germany
Deutsche Boerse AG,63DA.DE,XETRA,Germany
Merck & Co Inc,6MK.DE,XETRA,Germany
INJEX Pharma AG,6PK.DE,XETRA,Germany
China Pacific Insurance Group,75C.DE,XETRA,Germany
KTG Agrar AG,7KT.DE,XETRA,Germany
MPH Mittelstaendische,93MV.DE,XETRA,Germany
Blue Planet Environmental Inc,9BP.DE,XETRA,Germany
Arsenal Energy Inc.,A1E.DE,Berlin,Germany
ARISTON Real Estate AG,A3E.DE,XETRA,Germany
asknet AG,A5A.DE,XETRA,Germany
Thompson Creek Metals,A6R.DE,XETRA,Germany
artec technologies AG,A6T.DE,XETRA,Germany
Altira AG,A7A.DE,XETRA,Germany
Aragon AG,A8A.DE,XETRA,Germany
Uranium One, Inc.,A9Y.DE,XETRA,Germany
Amadeus Fire AG,AAD.DE,XETRA,Germany
Integralis AG,AAGN.DE,XETRA,Germany
aap Implantate AG,AAQ.DE,XETRA,Germany
Air Berlin PLC,AB1.DE,XETRA,Germany
Augusta Technologie AG,ABE1.DE,XETRA,Germany
ABB, Ltd.,ABJ.DE,XETRA,Germany
ABB, Ltd.,ABJA.DE,XETRA,Germany
Barrick Gold Corporation,ABR.DE,XETRA,Germany
Acer Inc.,AC5G.DE,XETRA,Germany
Accor SA,ACR.DE,XETRA,Germany
Actelion Ltd.,ACT.DE,XETRA,Germany
bet-at-home.com AG,ACX.DE,XETRA,Germany
Air China Limited,AD2.DE,XETRA,Germany
Adecco SA,ADI1.DE,XETRA,Germany
Adler Real Estate AG,ADL.DE,XETRA,Germany
Archer-Daniels Midland Company,ADM.DE,XETRA,Germany
Adesso AG,ADN1.DE,XETRA,Germany
Adidas AG,ADS.DE,XETRA,Germany
ADVA AG Optical Networking,ADV.DE,XETRA,Germany
Agnico-Eagle Mines,AE9.DE,XETRA,Germany
Allgeier SE,AEI.DE,XETRA,Germany
Aegon NV,AENF.DE,XETRA,Germany
Carl Zeiss Meditec AG,AFX.DE,XETRA,Germany
Agfa-Gevaert NV,AGE.DE,XETRA,Germany
Agrium Inc,AGU.DE,XETRA,Germany
Agennix AG,AGX.DE,XETRA,Germany
AGO AG Energie + Anlagen,AGY.DE,XETRA,Germany
Koninklijke Ahold NV,AHOB.DE,XETRA,Germany
Aixtron AG,AIXA.DE,XETRA,Germany
Aixtron SE NA,AIXB.DE,XETRA,Germany
Acciona,S.A.,AJ3.DE,XETRA,Germany
DocCheck AG,AJ91.DE,XETRA,Germany
Analytik Jena AG,AJA.DE,XETRA,Germany
Akamai Technologies, Inc.,AK3.DE,XETRA,Germany
ALBIS Leasing AG,ALG.DE,XETRA,Germany
Allianz SE,ALV.DE,XETRA,Germany
Allianz SE,ALVA.DE,XETRA,Germany
Ascot Mining PLC,AM3.DE,XETRA,Germany
Advanced Micro Devices Inc,AMD.DE,XETRA,Germany
Amgen Inc,AMG.DE,XETRA,Germany
Alno AG,ANO.DE,XETRA,Germany
Backbone Technology AG,AO9.DE,XETRA,Germany
ATOSS Software AG,AOF.DE,XETRA,Germany
Alstom SA,AOMD.DE,XETRA,Germany
Alstria Office AG,AOX.DE,XETRA,Germany
API Telekom AG,APJ.DE,XETRA,Germany
ad pepper media,APM.DE,XETRA,Germany
Anhui Conch Cement,AQE.DE,XETRA,Germany
Aurelius AG,AR4.DE,XETRA,Germany
AIRE GmbH & Co KGaA,ARE.DE,XETRA,Germany
Aareal Bank AG,ARL.DE,XETRA,Germany
ARM Holdings PLC,ARM.DE,XETRA,Germany
ARM Holdings PLC,ARMA.DE,XETRA,Germany
Arcandor AG,ARO.DE,XETRA,Germany
ArcelorMittal SA,ARRB.DE,XETRA,Germany
ArcelorMittal SA,ARRC.DE,XETRA,Germany
aleo solar Aktiengesellschaft,AS1.DE,XETRA,Germany
Generali Assicurazioni,ASG.DE,XETRA,Germany
ASML Holding NV,ASMB.DE,XETRA,Germany
ASML Holding NV,ASMC.DE,XETRA,Germany
Alphaform AG,ATF.DE,XETRA,Germany
Agrarius AG,AU2.DE,XETRA,Germany
AT&S,AUS.DE,XETRA,Germany
AVW Immobilien AG,AV7.DE,XETRA,Germany
AXA SA,AXAA.DE,XETRA,Germany
Alexion Pharmaceuticals, Inc.,AXP.DE,XETRA,Germany
Abengoa SA,AYO.DE,XETRA,Germany
Andritz AG,AZ2.DE,XETRA,Germany
Baidu, Inc.,B1C.DE,XETRA,Germany
Biopetrol Industries AG,B2I.DE,XETRA,Germany
Bob Mobile AG,B4B.DE,XETRA,Germany
BAUER Aktiengesellschaft,B5A.DE,XETRA,Germany
Blue Cap AG,B7E.DE,XETRA,Germany
BAVARIA Industriekapital AG,B8A.DE,XETRA,Germany
Biofrontera AG,B8F.DE,XETRA,Germany
Bioenergy Systems NV,B8S.DE,XETRA,Germany
BKN biostrom AG,B9K.DE,XETRA,Germany
Balda AG,BAF.DE,XETRA,Germany
Basf SE,BAS.DE,XETRA,Germany
Basf SE,BASA.DE,XETRA,Germany
Bayer AG,BAYA.DE,XETRA,Germany
Bayer AG,BAYN.DE,XETRA,Germany
Bombardier Inc,BBDB.DE,XETRA,Germany
Banco Bilbao Vizcaya,BBVA.DE,XETRA,Germany
Bechtle AG,BC8.DE,XETRA,Germany
Barry Callebaut AG,BCLN.DE,XETRA,Germany
Barclays PLC,BCY.DE,XETRA,Germany
Barclays PLC,BCY2.DE,XETRA,Germany
BroadVision, Inc.,BDN1.DE,XETRA,Germany
Bertrandt AG,BDT.DE,XETRA,Germany
Beiersdorf Aktiengesellschaft,BEI.DE,XETRA,Germany
BEKO Holding AG,BEO.DE,XETRA,Germany
Berentzen-Gruppe AG,BEZ3.DE,XETRA,Germany
Brain Force Holding AG,BFC.DE,XETRA,Germany
Studio Babelsberg AG,BG1.DE,XETRA,Germany
Biogas Nord AG,BG8.DE,XETRA,Germany
Ralos New Energies AG,BGH.DE,XETRA,Germany
China High Speed,BGR.DE,XETRA,Germany
BHP Billiton Ltd,BHP.DE,XETRA,Germany
BHP Billiton Ltd,BHP1.DE,XETRA,Germany
Curanum AG,BHS.DE,XETRA,Germany
Baker Hughes Inc.,BHU.DE,XETRA,Germany
biolitec AG,BIB.DE,XETRA,Germany
Bio-Gate AG,BIG.DE,XETRA,Germany
Bijou Brigitte AG,BIJ.DE,XETRA,Germany
BHP Billiton PLC,BIL.DE,XETRA,Germany
BHP Billiton PLC,BIL1.DE,XETRA,Germany
Biotest AG,BIO.DE,XETRA,Germany
Biotest AG,BIO3.DE,XETRA,Germany
KWG Kommunale Wohnen AG,BIW.DE,XETRA,Germany
Baloise Holding Ag,BLON.DE,XETRA,Germany
Brueder Mannesmann AG,BMM.DE,XETRA,Germany
British American Tobacco PLC,BMT.DE,XETRA,Germany
Bayerische Motoren Werke AG,BMW.DE,XETRA,Germany
Bayerische Motoren Werke AG,BMW3.DE,XETRA,Germany
Bayerische Motoren Werke AG,BMWA.DE,XETRA,Germany
BNP Paribas,BNPH.DE,XETRA,Germany
Brenntag AG,BNR.DE,XETRA,Germany
EYEMAXX Real Estate AG,BNT1.DE,XETRA,Germany
BOC Hong Kong Holdings Ltd,BOF.DE,XETRA,Germany
Banco Bilbao Vizcaya,BOY.DE,XETRA,Germany
BP PLC,BPE5.DE,XETRA,Germany
Berkshire Hathaway Inc,BRH.DE,XETRA,Germany
Bristol-Myers Squibb Company,BRM.DE,XETRA,Germany
Banco Santander SA,BSD2.DE,XETRA,Germany
Banco Santander SA,BSDK.DE,XETRA,Germany
Basler AG,BSL.DE,XETRA,Germany
BETA Systems Software AG,BSS.DE,XETRA,Germany
BP PLC,BSU.DE,XETRA,Germany
BMP Media Investors AG,BTBA.DE,XETRA,Germany
BT Group PLC,BTQ.DE,XETRA,Germany
Bunge Ltd,BU3.DE,XETRA,Germany
buch.de internetstores AG,BUE.DE,XETRA,Germany
Borussia Dortmund,BVB.DE,XETRA,Germany
Bau-Verein zu Hamburg AG,BVH.DE,XETRA,Germany
Bevinco Corp,BVN.DE,XETRA,Germany
Baader bank,BWB.DE,XETRA,Germany
Boliden AB,BWJ.DE,XETRA,Germany
Belgacom SA,BX7.DE,XETRA,Germany
BYD Co., Ltd.,BY6.DE,XETRA,Germany
BYD Co., Ltd.,BY6A.DE,XETRA,Germany
Bouygues,BYG.DE,XETRA,Germany
BayWa AG,BYW.DE,XETRA,Germany
BayWa AG,BYW6.DE,XETRA,Germany
conVISUAL AG,C1V.DE,XETRA,Germany
Centrosolar Group AG,C3O.DE,XETRA,Germany
China Construction Bank Corp,C6T.DE,XETRA,Germany
C-QUADRAT Investment AG,C8I.DE,XETRA,Germany
Capital Stage AG,CAP.DE,XETRA,Germany
Brilliance China Auto Hld,CBA.DE,XETRA,Germany
Commerzbank AG,CBK.DE,XETRA,Germany
CropEnergies AG,CE2.DE,XETRA,Germany
Friwo AG,CEA.DE,XETRA,Germany
CENTROTEC Sustainable AG,CEV.DE,XETRA,Germany
HPI AG,CEW3.DE,XETRA,Germany
CFC Industriebeteiligungen AG,CFC.DE,XETRA,Germany
Alcatel-Lucent,CGE.DE,XETRA,Germany
Alcatel-Lucent,CGEA.DE,XETRA,Germany
China Life Insurance Co Ltd,CHL.DE,XETRA,Germany
China Petroleum & Chemica,CHU.DE,XETRA,Germany
China Petroleum & Chemica,CHUA.DE,XETRA,Germany
Lafarge SA,CIL.DE,XETRA,Germany
Cameco Corp,CJ6.DE,XETRA,Germany
China Life Insurance Co Ltd,CLF.DE,XETRA,Germany
MyLoadBase NV,CLI.DE,XETRA,Germany
Clariant AG,CLRN.DE,XETRA,Germany
Celesio AG,CLS1.DE,XETRA,Germany
Atevia AG,CMBT.DE,XETRA,Germany
Canon, Inc.,CNN1.DE,XETRA,Germany
Canon, Inc.,CNNA.DE,XETRA,Germany
China Haida Ltd.,CO0.DE,XETRA,Germany
China Oilfield Services,CO9.DE,XETRA,Germany
Cancom IT Systeme AG,COK.DE,XETRA,Germany
comdirect bank AG,COM.DE,XETRA,Germany
Continental AG,CON.DE,XETRA,Germany
CompuGroup Medical AG,COP.DE,XETRA,Germany
Rio Tinto Ltd,CRA1.DE,XETRA,Germany
CR Capital Real Estate AG,CRZ.DE,XETRA,Germany
Chesapeake Energy Corp,CS1.DE,XETRA,Germany
Cenit AG,CSH.DE,XETRA,Germany
Credit Suisse Group,CSX.DE,XETRA,Germany
Credit Suisse Group,CSX1.DE,XETRA,Germany
CONET Technologie AG,CT71.DE,XETRA,Germany
China Mobile Ltd.,CTM.DE,XETRA,Germany
China Mobile Ltd.,CTMA.DE,XETRA,Germany
Centrotherm Photovoltaics AG,CTN.DE,XETRA,Germany
curasan AG,CUR.DE,XETRA,Germany
China Pharmaceutical,CVG.DE,XETRA,Germany
Vale SA,CVL.DE,XETRA,Germany
Vale SA,CVLA.DE,XETRA,Germany
Vale SA,CVLB.DE,XETRA,Germany
Vale SA,CVLC.DE,XETRA,Germany
China Coal Energy Co., Ltd.,CVV.DE,XETRA,Germany
CeWe Color Holding AG,CWC.DE,XETRA,Germany
Church & Dwight Company, Inc.,CXU.DE,XETRA,Germany
Corona Energy AG,CY1.DE,XETRA,Germany
China National Building,D1Y.DE,XETRA,Germany
Design Bau AG,D2B.DE,XETRA,Germany
Dresdner Factoring AG,D2F.DE,XETRA,Germany
DNick Holding PLC,D2H.DE,XETRA,Germany
Dongfeng Motor Group Co Ltd,D4D.DE,XETRA,Germany
Dyesol Ltd,D5I.DE,XETRA,Germany
Datagroup AG,D6H.DE,XETRA,Germany
China Molybdenum Co., Ltd.,D7N.DE,XETRA,Germany
Monument Mining Ltd.,D7Q1.DE,XETRA,Germany
Digital Identification So,D7S.DE,XETRA,Germany
Driver & Bengsch AG,D8B.DE,XETRA,Germany
Demag Cranes AG,D9C.DE,XETRA,Germany
Daimler AG,DAI.DE,XETRA,Germany
Data Modul AG,DAM.DE,XETRA,Germany
Danaher Corporation,DAP.DE,XETRA,Germany
DIC Asset AG,DAZ.DE,XETRA,Germany
Deutsche Boerse AG,DB1.DE,XETRA,Germany
Deutsche Beteiligungs AG,DBA.DE,XETRA,Germany
Deutsche Bank AG,DBK.DE,XETRA,Germany
Deere & Co,DCO.DE,XETRA,Germany
DF Deutsche Forfait AG,DE6.DE,XETRA,Germany
Dt. Immobilien Holding AG,DEG1.DE,XETRA,Germany
Deutsche EuroShop AG,DEQ.DE,XETRA,Germany
Delticom AG,DEX.DE,XETRA,Germany
Deutz AG,DEZ.DE,XETRA,Germany
Deutsche,DGR.DE,XETRA,Germany
Dierig Holding AG,DIE.DE,XETRA,Germany
Diskus Werke AG,DIS.DE,XETRA,Germany
Dialog Semiconductor PLC,DLG.DE,XETRA,Germany
Delignit AG,DLX.DE,XETRA,Germany
Statoil ASA,DNQ.DE,XETRA,Germany
Statoil ASA,DNQA.DE,XETRA,Germany
Deutsche REIT AG,DOL.DE,XETRA,Germany
Douglas Holding AG,DOU.DE,XETRA,Germany
Deutsche Postbank AG,DPB.DE,XETRA,Germany
Deutsche Post AG,DPW.DE,XETRA,Germany
Deutsche Post AG,DPWA.DE,XETRA,Germany
Deutsche Rohstoff AG,DR0.DE,XETRA,Germany
Drillisch AG,DRI.DE,XETRA,Germany
DAB bank AG,DRN.DE,XETRA,Germany
Draegerwerk AG & Co KGaA,DRW3.DE,XETRA,Germany
Draegerwerk AG & Co KGaA,DRW8.DE,XETRA,Germany
DataDesign AG,DTD2.DE,XETRA,Germany
Deutsche Telekom AG,DTE.DE,XETRA,Germany
Deutsche Telekom AG,DTEA.DE,XETRA,Germany
DRDGold Limited,DUBA.DE,XETRA,Germany
Duerr AG,DUE.DE,XETRA,Germany
Advanced Inflight Alliance AG,DVN1.DE,XETRA,Germany
Morgan Stanley,DWD.DE,XETRA,Germany
Deutsche Wohnen AG,DWN.DE,XETRA,Germany
Deutsche Wohnen AG,DWNI.DE,XETRA,Germany
Dexia,DXB.DE,XETRA,Germany
Dyckerhoff AG,DYK.DE,XETRA,Germany
Dyckerhoff AG,DYK3.DE,XETRA,Germany
EquityStory AG,E1S.DE,XETRA,Germany
ecotel communication ag,E4C.DE,XETRA,Germany
EnWave Corporation,E4U.DE,XETRA,Germany
Estavis AG,E7S.DE,XETRA,Germany
Alexium International,E7T.DE,XETRA,Germany
elexxion AG,E8X.DE,XETRA,Germany
European Aeronautic,EAD.DE,XETRA,Germany
EnBW Energie,EBK.DE,XETRA,Germany
Erste Bank,EBO.DE,XETRA,Germany
Ecolab, Inc.,ECJ.DE,XETRA,Germany
Ludwig Beck AG,ECK.DE,XETRA,Germany
Acazis,ECOU.DE,XETRA,Germany
Epigenomics AG,ECX.DE,XETRA,Germany
Gold Fields Ltd,EDG.DE,XETRA,Germany
Gold Fields Ltd,EDGA.DE,XETRA,Germany
edel AG,EDL.DE,XETRA,Germany
elexis AG,EEX.DE,XETRA,Germany
DEWB,EFF.DE,XETRA,Germany
Effecten-Spiegel AG,EFS.DE,XETRA,Germany
Effecten-Spiegel AG,EFS3.DE,XETRA,Germany
Ehlebracht AG,EHL.DE,XETRA,Germany
Essanelle Hair Group AG,EHX.DE,XETRA,Germany
Einhell Germany AG,EIN3.DE,XETRA,Germany
Agricultural Bank,EK7.DE,XETRA,Germany
ELMOS Semiconductor AG,ELG.DE,XETRA,Germany
Electronics Line 3000 Ltd.,ELN.DE,XETRA,Germany
Eldorado Gold Corp,ELO.DE,XETRA,Germany
emQtec AG,EMQ.DE,XETRA,Germany
Endesa SA,ENA.DE,XETRA,Germany
Eni SpA,ENI1.DE,XETRA,Germany
ENEL Ente Nazionale per,ENL.DE,XETRA,Germany
ENEL Ente Nazionale per,ENLA.DE,XETRA,Germany
Stora Enso Oyj,ENUR.DE,XETRA,Germany
E.ON Aktiengesellschaft AG,EOAA.DE,XETRA,Germany
E.ON Aktiengesellschaft AG,EOAN.DE,XETRA,Germany
Ericsson Telephone Company,ERCA.DE,XETRA,Germany
Ericsson Telephone Company,ERCB.DE,XETRA,Germany
Ericsson Telephone Company,ERCG.DE,XETRA,Germany
Deutsche Entertainment AG,ERMK.DE,XETRA,Germany
tmc Content Group AG,ERO1.DE,XETRA,Germany
Electronic Arts, Inc.,ERT.DE,XETRA,Germany
Espirit Holdings Limited,ESHA.DE,XETRA,Germany
Espirit Holdings Limited,ESHB.DE,XETRA,Germany
Easy Software AG,ESY.DE,XETRA,Germany
EnviTec Biogas AG,ETG.DE,XETRA,Germany
Eckert & Ziegler,EUZ.DE,XETRA,Germany
Constantin Medien AG,EV4.DE,XETRA,Germany
CTS Eventim AG,EVD.DE,XETRA,Germany
Evn AG,EVN.DE,XETRA,Germany
Evotec AG,EVT.DE,XETRA,Germany
Evotec AG,EVTA.DE,XETRA,Germany
Glu Mobile, Inc.,F2P.DE,XETRA,Germany
Forsys Metals Corp.,F2T.DE,XETRA,Germany
First Solar, Inc.,F3A.DE,XETRA,Germany
SFC Energy AG,F3C.DE,XETRA,Germany
Fortuna Silver Mines Inc.,F4S.DE,XETRA,Germany
Fidor AG,F5R.DE,XETRA,Germany
Fabasoft AG,FAA.DE,XETRA,Germany
F.A.M.E. Aktiengesellschaft,FAM1.DE,XETRA,Germany
i:FAO AG,FAO2.DE,XETRA,Germany
Feedback AG,FEE1.DE,XETRA,Germany
FORTEC Elektronik AG,FEV.DE,XETRA,Germany
Funkwerk AG,FEW.DE,XETRA,Germany
Franconofurt AG,FFM.DE,XETRA,Germany
Fiat Group S.p.A.,FIAT.DE,XETRA,Germany
Fielmann AG,FIE.DE,XETRA,Germany
COR&FJA,FJH.DE,XETRA,Germany
Zijin Mining Group Co., Ltd.,FJZ.DE,XETRA,Germany
Flatex AG,FLA.DE,XETRA,Germany
Fresenius Med Care AG,FME.DE,XETRA,Germany
Fresenius Med Care AG,FME3.DE,XETRA,Germany
Fresenius Med Care AG,FMEA.DE,XETRA,Germany
Fortune Management Inc.,FMI1.DE,XETRA,Germany
First Majestic Silver Corp,FMV.DE,XETRA,Germany
freenet AG,FNTN.DE,XETRA,Germany
Fred. Olsen Energy ASA,FOH.DE,XETRA,Germany
Salesforce.com, Inc.,FOO.DE,XETRA,Germany
Fortum Oyj,FOT.DE,XETRA,Germany
Fuchs Petrolub AG,FPE.DE,XETRA,Germany
Fuchs Petrolub AG,FPE3.DE,XETRA,Germany
Francotyp-Postalia Holding AG,FPH.DE,XETRA,Germany
Freeport-McMoRan Copper & Gold,FPMB.DE,XETRA,Germany
Fraport AG,FRA.DE,XETRA,Germany
Fresenius SE & Co KGaA,FRE.DE,XETRA,Germany
Frontline Ltd,FRL.DE,XETRA,Germany
Foris AG,FRS.DE,XETRA,Germany
France Telecom SA,FTEA.DE,XETRA,Germany
MIFA AG,FW1.DE,XETRA,Germany
Zte Corporation,FZM.DE,XETRA,Germany
GEA Group Aktiengesellschaft,G1A.DE,XETRA,Germany
Galenica AG,G2A.DE,XETRA,Germany
Goldfish Holdings Inc,G3D.DE,XETRA,Germany
GoingPublic Media AG,G6P.DE,XETRA,Germany
GWB Immobilien AG,G7B.DE,XETRA,Germany
Gas Natural Sdg, S.A.,GAN.DE,XETRA,Germany
Bilfinger SE,GBF.DE,XETRA,Germany
GBK Beteiligungen AG,GBQ.DE,XETRA,Germany
Geberit AG,GBRA.DE,XETRA,Germany
MS Industrie AG,GCI.DE,XETRA,Germany
Generali Deutschland Hold,GE1.DE,XETRA,Germany
Georg Fischer AG,GFIN.DE,XETRA,Germany
Gagfah SA,GFJ.DE,XETRA,Germany
GfK AG,GFK.DE,XETRA,Germany
GFT Technologies AG,GFT.DE,XETRA,Germany
Geox,GHH.DE,XETRA,Germany
GSW Immobilien AG,GIB.DE,XETRA,Germany
Gildemeister AG,GIL.DE,XETRA,Germany
Givaudan SA,GIN.DE,XETRA,Germany
Girindus AG,GIR.DE,XETRA,Germany
Gilead Sciences Inc,GIS.DE,XETRA,Germany
GK Software AG,GKS.DE,XETRA,Germany
Grenkeleasing AG,GLJ.DE,XETRA,Germany
Corning Inc,GLW.DE,XETRA,Germany
Green Mntn Coffee Roaster,GM2.DE,XETRA,Germany
Geratherm Medical AG,GME.DE,XETRA,Germany
Grammer AG,GMM.DE,XETRA,Germany
Genesis Invest AG,GN0.DE,XETRA,Germany
Angang Steel Companylimited,GNV.DE,XETRA,Germany
Goldcorp, Inc.,GO5.DE,XETRA,Germany
Goldman Sachs Group Inc,GOS.DE,XETRA,Germany
Greiffenberger AG,GRF.DE,XETRA,Germany
Quanmax AG,GROA.DE,XETRA,Germany
Geely Automobile Holdings Ltd.,GRU.DE,XETRA,Germany
GlaxoSmithKline PLC,GS7.DE,XETRA,Germany
GlaxoSmithKline PLC,GS7A.DE,XETRA,Germany
Tonkens Agrar AG,GTK.DE,XETRA,Germany
Gamesa Corporacion,GTQ1.DE,XETRA,Germany
Gerry Weber International AG,GWI1.DE,XETRA,Germany
Gerresheimer AG,GXI.DE,XETRA,Germany
GDF Suez,GZF.DE,XETRA,Germany
Halloren Schokoladenfabrik AG,H2R.DE,XETRA,Germany
Hansa Group AG,H4G.DE,XETRA,Germany
HAHN-Immobilien,H4I.DE,XETRA,Germany
Helma Eigenheimbau AG,H5E.DE,XETRA,Germany
Hans-Werner Aufrecht AG,H9W.DE,XETRA,Germany
HanseYachts Aktiengesellschaft,H9Y.DE,XETRA,Germany
Hamborner AG,HAB.DE,XETRA,Germany
Halliburton Company,HAL.DE,XETRA,Germany
Harley-Davidson Inc,HAR.DE,XETRA,Germany
Hawesko Holding AG,HAW.DE,XETRA,Germany
HSBC Holdings PLC,HBC1.DE,XETRA,Germany
HSBC Holdings PLC,HBC2.DE,XETRA,Germany
Hornbach Holding AG,HBH3.DE,XETRA,Germany
Hornbach Baumarkt AG,HBM.DE,XETRA,Germany
Hecla Mining Company,HCL.DE,XETRA,Germany
Heidelberger Druckmaschinen AG,HDD.DE,XETRA,Germany
HeidelbergCement AG,HEI.DE,XETRA,Germany
Henkel AG & Co KGaA,HEN.DE,XETRA,Germany
Henkel AG & Co KGaA,HEN3.DE,XETRA,Germany
Homag Group AG,HG1.DE,XETRA,Germany
Hamburger Hafen,HHFA.DE,XETRA,Germany
Hci Hammonia Shipping AG,HHX.DE,XETRA,Germany
Moly Mines Limited,HJ1.DE,XETRA,Germany
Holcim Ltd,HLBN.DE,XETRA,Germany
Highlight Communications AG,HLG.DE,XETRA,Germany
Heiler Software AG,HLR.DE,XETRA,Germany
Hennes & Mauritz AB,HMSB.DE,XETRA,Germany
HC Berlin Pharma AG,HMU.DE,XETRA,Germany
Dr. Hoenle AG,HNL.DE,XETRA,Germany
Hannover Rueckversicherung AG,HNR1.DE,XETRA,Germany
Hochtief AG,HOT.DE,XETRA,Germany
H.P.I. Holding AG,HP3.DE,XETRA,Germany
Hang Seng Bank Ltd.,HSB.DE,XETRA,Germany
hotel.de AG,HTL.DE,XETRA,Germany
Hutchison Whampoa Ltd,HUWA.DE,XETRA,Germany
Hoeft & Wessel AG,HWS.DE,XETRA,Germany
HCI Capital AG,HXCI.DE,XETRA,Germany
Hyflux Ltd.,HYF.DE,XETRA,Germany
Hypoport AG,HYQ.DE,XETRA,Germany
Hyundai Motor Co Ltd,HYU.DE,XETRA,Germany
HYDROTEC Gesellschaft,HYW.DE,XETRA,Germany
Impreglon SE,I3M.DE,XETRA,Germany
ItN Nanovation AG,I7N.DE,XETRA,Germany
Iamgold Corp,IAL.DE,XETRA,Germany
IBS AG,IBB.DE,XETRA,Germany
Iberdrola SA,IBE1.DE,XETRA,Germany
IBS Group Holding LTD,IBSG.DE,XETRA,Germany
InCity Immobilien AG,IC8.DE,XETRA,Germany
Industrial And Commercial,ICK.DE,XETRA,Germany
Informica Real Invest AG,IDE.DE,XETRA,Germany
Biogen Idec Inc,IDP.DE,XETRA,Germany
IM Internationalmedia AG,IEMB.DE,XETRA,Germany
Intesa Sanpaolo SpA,IES.DE,XETRA,Germany
IFM Immobilien AG,IFM.DE,XETRA,Germany
Infineon Technologies AG,IFX.DE,XETRA,Germany
Infineon Technologies AG,IFXA.DE,XETRA,Germany
China Shenhua Energy,IKF.DE,XETRA,Germany
itelligence AG,ILH.DE,XETRA,Germany
Indus Holding AG,INH.DE,XETRA,Germany
ING Groep N.V.,INNA.DE,XETRA,Germany
Identive Group, Inc.,INV.DE,XETRA,Germany
Group Business Software AG,INW.DE,XETRA,Germany
iQ Power AG,IQPB.DE,XETRA,Germany
Impera Total Return AG,IRP.DE,XETRA,Germany
InTiCom Systems,IS7.DE,XETRA,Germany
ifa systems AG,IS8.DE,XETRA,Germany
Intershop Communications AG,ISH2.DE,XETRA,Germany
Isra Vision AG,ISR.DE,XETRA,Germany
Italcementi SpA,ITA.DE,XETRA,Germany
Anheuser-Busch Inbev SA,ITK.DE,XETRA,Germany
Intertainment AG,ITN.DE,XETRA,Germany
Yara International ASA,IU2.DE,XETRA,Germany
IVG Immobilien AG,IVG.DE,XETRA,Germany
IVU Traffic Technologies AG,IVU.DE,XETRA,Germany
InVision Software AG,IVX.DE,XETRA,Germany
Industria De Diseno Textil SA,IXD.DE,XETRA,Germany
init innovation,IXX.DE,XETRA,Germany
Jenoptik AG,JEN.DE,XETRA,Germany
Jiangxi Copper Company Limited,JIX.DE,XETRA,Germany
Euro Asia Premier Real,JT9.DE,XETRA,Germany
Jetter AG,JTT.DE,XETRA,Germany
Jungheinrich AG,JUN3.DE,XETRA,Germany
Joyou AG,JY8.DE,XETRA,Germany
KROMI Logistik AG,K1R.DE,XETRA,Germany
Klassik Radio AG,KA8.DE,XETRA,Germany
Kontron AG,KBC.DE,XETRA,Germany
Colonia Real Estate AG,KBU.DE,XETRA,Germany
Kloeckner & Co,KCO.DE,XETRA,Germany
Eurotex Finanz, Inc.,KD8.DE,XETRA,Germany
Kinghero AG,KH6.DE,XETRA,Germany
Kinross Gold Corporation,KIN2.DE,XETRA,Germany
KnowOne AG,KN1.DE,XETRA,Germany
Krones AG,KRN.DE,XETRA,Germany
KSB Aktiengesellschaft,KSB.DE,XETRA,Germany
KSB Aktiengesellschaft,KSB3.DE,XETRA,Germany
Kps AG,KSC.DE,XETRA,Germany
KST Beteiligungs AG,KSW.DE,XETRA,Germany
KUKA Aktiengesellschaft,KU2.DE,XETRA,Germany
Kunert AG,KUN1.DE,XETRA,Germany
Galaxy Enter. Group,KW9A.DE,XETRA,Germany
KHD Humboldt Wedag,KWG.DE,XETRA,Germany
KWS saat AG,KWS.DE,XETRA,Germany
Lloyd Fonds Aktiengesellschaft,L1O.DE,XETRA,Germany
Canadian Solar, Inc.,L5A.DE,XETRA,Germany
Las Vegas Sands Corp,LCR.DE,XETRA,Germany
LDK Solar Company, Ltd.,LD41.DE,XETRA,Germany
Leifheit AG,LEI.DE,XETRA,Germany
Leoni AG,LEO.DE,XETRA,Germany
Alpha Natural Resources Inc,LFA.DE,XETRA,Germany
Deutsche Lufthansa AG,LHA.DE,XETRA,Germany
Lenovo Group, Ltd.,LHL.DE,XETRA,Germany
Lenovo Group, Ltd.,LHL1.DE,XETRA,Germany
Linde AG,LIN.DE,XETRA,Germany
Linde AG,LIN1.DE,XETRA,Germany
Lloyds Banking Group PLC,LLD.DE,XETRA,Germany
Lloyds Banking Group PLC,LLD2.DE,XETRA,Germany
Lonza Group AG,LO3.DE,XETRA,Germany
Loewe AG,LOE.DE,XETRA,Germany
Deufol Aktiengesellschaft,LOI.DE,XETRA,Germany
LPKF Laser & Electronics AG,LPK.DE,XETRA,Germany
Chocoladefabriken Lindt,LSPN.DE,XETRA,Germany
Chocoladefabriken Lindt,LSPP.DE,XETRA,Germany
LS telcom AG,LSX.DE,XETRA,Germany
Lang & Schwarz AG,LUS.DE,XETRA,Germany
Lanxess AG,LXS.DE,XETRA,Germany
Lynas Corporation Ltd.,LYI.DE,XETRA,Germany
Mic AG,M3B.DE,XETRA,Germany
MeVis Medical Solutions AG,M3V.DE,XETRA,Germany
Muehlhan AG,M4N.DE,XETRA,Germany
MAGNAT Real Estate,M5RK.DE,XETRA,Germany
Manz Automation AG,M5Z.DE,XETRA,Germany
JSC Uralkali,M6B1.DE,XETRA,Germany
m-u-t AG,M7U.DE,XETRA,Germany
MAX21 AG,MA1.DE,XETRA,Germany
Maternus-Kliniken AG,MAK.DE,XETRA,Germany
MAN SE,MAN.DE,XETRA,Germany
MAN SE,MAN3.DE,XETRA,Germany
MBB Industries AG,MBB.DE,XETRA,Germany
Merkur Bank Kgaa,MBK.DE,XETRA,Germany
Mobotix AG,MBQ.DE,XETRA,Germany
Medical Columbus AG,MCE.DE,XETRA,Germany
Michelin,MCH.DE,XETRA,Germany
MediGene AG,MDG.DE,XETRA,Germany
Medion AG,MDN.DE,XETRA,Germany
Mediaset,MDS.DE,XETRA,Germany
MediClin AG,MED.DE,XETRA,Germany
Metro AG,MEO.DE,XETRA,Germany
Metro AG,MEO3.DE,XETRA,Germany
MagForce Nanotechnologies AG,MF6.DE,XETRA,Germany
Mologen AG,MGN.DE,XETRA,Germany
Magix AG,MGX.DE,XETRA,Germany
Medisana AG,MHH.DE,XETRA,Germany
Marseille-Kliniken AG,MKA.DE,XETRA,Germany
Mueller - Die lila Logistik AG,MLL.DE,XETRA,Germany
MLP AG,MLP.DE,XETRA,Germany
MME Moviement AG,MME.DE,XETRA,Germany
Micronas Semiconductor,MNSN.DE,XETRA,Germany
Novavisions AG,MONT.DE,XETRA,Germany
MorphoSys AG,MOR.DE,XETRA,Germany
Mobistar,MOS.DE,XETRA,Germany
MetrioPharm AG,MP5N.DE,XETRA,Germany
MPC Muenchmeyer Petersen,MPC.DE,XETRA,Germany
Banca Monte dei Paschi,MPI.DE,XETRA,Germany
Merck KGaA,MRK.DE,XETRA,Germany
Micron Technology, Inc.,MTE.DE,XETRA,Germany
MTU Aero Engines Holding AG,MTX.DE,XETRA,Germany
m4e AG,MU4.DE,XETRA,Germany
Muehlbauer Holding AG,MUB.DE,XETRA,Germany
Mensch und Maschine,MUM.DE,XETRA,Germany
Muenchener,MUV2.DE,XETRA,Germany
MVV Energie AG,MVV1.DE,XETRA,Germany
MWB Wertpapierhandelsbank AG,MWB.DE,XETRA,Germany
M.A.X. Automation AG,MXH.DE,XETRA,Germany
Mayr-Melnhof Karton AG,MYM.DE,XETRA,Germany
Masterflex AG,MZX.DE,XETRA,Germany
Net Mobile AG,N1M.DE,XETRA,Germany
adinotec AG,N1N.DE,XETRA,Germany
Nanofocus AG,N2F.DE,XETRA,Germany
Nine Dragons Paper holdings,N3Y.DE,XETRA,Germany
Next Alternative Inc,N4H.DE,XETRA,Germany
Natural Cool Holdings Ltd.,N7E.DE,XETRA,Germany
Nanogate AG,N7G.DE,XETRA,Germany
Nanoventure NV,N9V.DE,XETRA,Germany
Nuernberger Beteiligungs-AG,NBG6.DE,XETRA,Germany
november AG,NBXB.DE,XETRA,Germany
CNOOC, Ltd.,NC2A.DE,XETRA,Germany
CNOOC, Ltd.,NC2B.DE,XETRA,Germany
NorCom Information Tech,NC5.DE,XETRA,Germany
Aurubis AG,NDA.DE,XETRA,Germany
Nordex AG,NDX1.DE,XETRA,Germany
Nemetschek AG,NEM.DE,XETRA,Germany
Nestle SA,NESM.DE,XETRA,Germany
Nestle SA,NESR.DE,XETRA,Germany
net SE,NETK.DE,XETRA,Germany
Anglo American PLC,NGLB.DE,XETRA,Germany
Anglo American PLC,NGLC.DE,XETRA,Germany
Norske Skogindustrier ASA,NK2A.DE,XETRA,Germany
Nike, Inc.,NKE.DE,XETRA,Germany
Nobel Biocare Holding AG,NLB1.DE,XETRA,Germany
NanoRepro AG,NN6.DE,XETRA,Germany
Tencent Holdings Ltd.,NNNC.DE,XETRA,Germany
Nanostart AG,NNS.DE,XETRA,Germany
n.runs AG,NNX.DE,XETRA,Germany
Nokia Oyj,NOAA.DE,XETRA,Germany
Norsk Hydro ASA,NOH1.DE,XETRA,Germany
Novartis AG,NOT.DE,XETRA,Germany
Novartis AG,NOTA.DE,XETRA,Germany
Novo Nordisk A/S,NOVA.DE,XETRA,Germany
Novo Nordisk A/S,NOVB.DE,XETRA,Germany
Audi AG,NSU.DE,XETRA,Germany
Nabaltec AG,NTG.DE,XETRA,Germany
Navigator Equity Solutions SE,NUQA.DE,XETRA,Germany
Wells Fargo & Co,NWT.DE,XETRA,Germany
Activa resources AG,NXI.DE,XETRA,Germany
Nexus AG,NXU.DE,XETRA,Germany
Xing AG,O1BC.DE,XETRA,Germany
C.A.T. Oil AG,O2C.DE,XETRA,Germany
Oesterreichische Post AG,O3P.DE,XETRA,Germany
Ocean Sky International Ltd.,O3S.DE,XETRA,Germany
OVB Holding AG,O4B.DE,XETRA,Germany
Orco Germany SA,O5G.DE,XETRA,Germany
OPENLiMiT Holding AG,O5H.DE,XETRA,Germany
OC Oerlikon Corporation, Inc.,OBH.DE,XETRA,Germany
Orbis AG,OBS.DE,XETRA,Germany
ACS Actividades,OCI1.DE,XETRA,Germany
Verbund AG,OEWA.DE,XETRA,Germany
OHB Technology AG,OHB.DE,XETRA,Germany
Orad Hi-Tec Systems Limited,OHT.DE,XETRA,Germany
Orkla,OKL.DE,XETRA,Germany
Omv AG,OMV.DE,XETRA,Germany
Occidental Petroleum,OPC.DE,XETRA,Germany
USU Software AG,OSP2.DE,XETRA,Germany
Payom Solar AG,P1Y.DE,XETRA,Germany
PATRIZIA Immobilien AG,P1Z.DE,XETRA,Germany
bwin.party digital,P2G1.DE,XETRA,Germany
Parmalat,P4I.DE,XETRA,Germany
Plan Optik AG,P4O.DE,XETRA,Germany
primion Technology AG,P4T.DE,XETRA,Germany
Pan American Silver,PA2.DE,XETRA,Germany
Paion Ag,PA8.DE,XETRA,Germany
Porsche Automobil Holding SE,PAH3.DE,XETRA,Germany
PetroChina Co Ltd,PC6.DE,XETRA,Germany
PetroChina Co Ltd,PC6A.DE,XETRA,Germany
PRO DV Software AG,PDA.DE,XETRA,Germany
PepsiCo Inc,PEP.DE,XETRA,Germany
Pfleiderer AG,PFD4.DE,XETRA,Germany
Pfeiffer Vacuum Technology AG,PFV.DE,XETRA,Germany
paragon AG,PGN.DE,XETRA,Germany
Sonova Holding AG,PHBN.DE,XETRA,Germany
Koninklijke Philips,PHIA.DE,XETRA,Germany
Pirelli & C,PIL2.DE,XETRA,Germany
Pirelli & C,PIL3.DE,XETRA,Germany
Bumi Resources Tbk,PJM.DE,XETRA,Germany
Petroleo Brasileiro SA,PJX.DE,XETRA,Germany
Petroleo Brasileiro SA,PJXA.DE,XETRA,Germany
Petroleo Brasileiro SA,PJXB.DE,XETRA,Germany
plenum AG,PLEA.DE,XETRA,Germany
Marine Harvest ASA,PND.DE,XETRA,Germany
PNE Wind AG,PNE3.DE,XETRA,Germany
Pironet NDH AG,PNG.DE,XETRA,Germany
Ballard Power Systems, Inc.,PO0.DE,XETRA,Germany
Potash Corp of Saskatchew,POC.DE,XETRA,Germany
POLIS Immobilien AG,PQL.DE,XETRA,Germany
Praktiker AG,PRA.DE,XETRA,Germany
PrimaCom AG,PRC.DE,XETRA,Germany
Phoenix Solar,PS4.DE,XETRA,Germany
PSI Aktiengesellschaft,PSAN.DE,XETRA,Germany
ProSiebenSat.1 Media AG,PSM.DE,XETRA,Germany
Petrotec AG,PT8.DE,XETRA,Germany
P&I,PUI.DE,XETRA,Germany
Puma AG,PUM.DE,XETRA,Germany
Pulsion Medical Systems SE,PUS.DE,XETRA,Germany
Plaut Aktiengesellschaft,PUT2.DE,XETRA,Germany
pSivida Corp,PV3.DE,XETRA,Germany
pSivida Ltd.,PV3A.DE,XETRA,Germany
Progress-Werk Oberkirch AG,PWO.DE,XETRA,Germany
Scherzer & Co. AG,PZS.DE,XETRA,Germany
Quirin Bank AG,QB7.DE,XETRA,Germany
Global PVQ SE,QCE.DE,XETRA,Germany
Qiagen NV,QIA.DE,XETRA,Germany
Arqueonautas Worldwide-Ar,QOW.DE,XETRA,Germany
QSC AG,QSC.DE,XETRA,Germany
Realtime Technology AG,R1T.DE,XETRA,Germany
Renewable Energy,R3Q.DE,XETRA,Germany
Royal Dutch Shell PLC,R6C.DE,XETRA,Germany
Royal Dutch Shell PLC,R6C1.DE,XETRA,Germany
Royal Dutch Shell PLC,R6C2.DE,XETRA,Germany
Royal Dutch Shell PLC,R6C3.DE,XETRA,Germany
Rational AG,RAA.DE,XETRA,Germany
RHI AG,RAD.DE,XETRA,Germany
China Rare Earth Holdings Ltd.,RAE.DE,XETRA,Germany
Raiffeisen Bank,RAW.DE,XETRA,Germany
RCM Beteiligungs AG,RCM.DE,XETRA,Germany
Arafura Resources Ltd.,REB.DE,XETRA,Germany
Repsol S.A,REP.DE,XETRA,Germany
Repsol S.A,REPA.DE,XETRA,Germany
Regenbogen AG,RGB.DE,XETRA,Germany
Randgold Resources Ltd,RGR1.DE,XETRA,Germany
Bankhaus Main AG,RGS3.DE,XETRA,Germany
Rhoen Klinikum AG,RHK.DE,XETRA,Germany
Rheinmetall AG,RHM.DE,XETRA,Germany
Roche Holding AG,RHO.DE,XETRA,Germany
Roche Holding AG,RHO5.DE,XETRA,Germany
Roche Holding AG,RHO6.DE,XETRA,Germany
Rio Tinto PLC,RIO1.DE,XETRA,Germany
Rio Tinto PLC,RIOA.DE,XETRA,Germany
Compagnie Financiere,RITB.DE,XETRA,Germany
Rock Tech Lithium, Inc.,RJIA.DE,XETRA,Germany
Reliance Industries Ltd.,RLI.DE,XETRA,Germany
Renault SA,RNL.DE,XETRA,Germany
Yamana Gold Inc,RNY.DE,XETRA,Germany
Von Roll Holding AG,ROH.DE,XETRA,Germany
UPM-Kymmene Oyj,RPL.DE,XETRA,Germany
REALQUADRAT Immobilien AG,RQX.DE,XETRA,Germany
Randstad,RSH.DE,XETRA,Germany
Rofin-Sinar Technologies, Inc.,RSI.DE,XETRA,Germany
Realtech AG,RTC.DE,XETRA,Germany
Hesse Newman & Co. AG,RTM3.DE,XETRA,Germany
Ruecker AG,RUK.DE,XETRA,Germany
RWE AG,RWE.DE,XETRA,Germany
RWE AG,RWE3.DE,XETRA,Germany
RWE AG,RWEA.DE,XETRA,Germany
Royal Bank of Scotland,RYS2.DE,XETRA,Germany
Solar Millennium AG,S2M.DE,XETRA,Germany
SMT Scharf AG,S4A.DE,XETRA,Germany
SHF Communication,S4K.DE,XETRA,Germany
SMA Solar Technology AG,S92.DE,XETRA,Germany
Suntech Power Holdings Co,S9H.DE,XETRA,Germany
Sanochemia Pharmazeutika AG,SAC.DE,XETRA,Germany
S.A.G. Solarstrom AG,SAG.DE,XETRA,Germany
Sap AG,SAP.DE,XETRA,Germany
Sap AG,SAPA.DE,XETRA,Germany
Stroeer Out-of-Home Media AG,SAX.DE,XETRA,Germany
STADA Arzneimittel AG,SAZ.DE,XETRA,Germany
Stratec Biomedical AG,SBS.DE,XETRA,Germany
Nuance Communications, Inc.,SC2.DE,XETRA,Germany
Schweizer Electronic AG,SCE.DE,XETRA,Germany
Schlumberger NV,SCL.DE,XETRA,Germany
Cybits Holding AG,SCO.DE,XETRA,Germany
Schuler AG,SCUN.DE,XETRA,Germany
K+S Aktiengesellschaft,SDF.DE,XETRA,Germany
Sedo Holding AG,SDO.DE,XETRA,Germany
Softline AG,SFD1.DE,XETRA,Germany
Sundance Resources Limited,SFM1.DE,XETRA,Germany
Softship AG,SFO.DE,XETRA,Germany
SAF Holland SA,SFQ.DE,XETRA,Germany
SOFTBANK Corp,SFT.DE,XETRA,Germany
Solar-Fabrik AG,SFX.DE,XETRA,Germany
Societe Generale SA,SGE.DE,XETRA,Germany
Sinopec Shanghai Petroche,SGJH.DE,XETRA,Germany
SGL Carbon AG,SGL.DE,XETRA,Germany
STMicroelectronics NV,SGM.DE,XETRA,Germany
STMicroelectronics NV,SGMR.DE,XETRA,Germany
SNP,SHF.DE,XETRA,Germany
Shs Viveon AG,SHWK.DE,XETRA,Germany
Siemens AG,SIE.DE,XETRA,Germany
Siemens AG,SIEB.DE,XETRA,Germany
Silver Wheaton Corporation,SII.DE,XETRA,Germany
First Sensor AG,SIS.DE,XETRA,Germany
Sixt AG,SIX2.DE,XETRA,Germany
Sixt AG,SIX3.DE,XETRA,Germany
Koenig & Bauer AG,SKB.DE,XETRA,Germany
Sky Deutschland AG,SKYD.DE,XETRA,Germany
Schoeller-Bleckmann,SLL.DE,XETRA,Germany
Schaltbau Holding AG,SLT.DE,XETRA,Germany
Swiss Life Holding,SLW.DE,XETRA,Germany
Smartrac N.V.,SM7.DE,XETRA,Germany
Saturn Minerals Inc.,SMK.DE,XETRA,Germany
SENATOR Entertainment AG,SMN1.DE,XETRA,Germany
SM Wirtschaftsberatungs AG,SMW.DE,XETRA,Germany
Schneider Electric,SND.DE,XETRA,Germany
Singulus Technologies AG,SNG.DE,XETRA,Germany
Sanofi,SNW2.DE,XETRA,Germany
Sony Corporation,SON1.DE,XETRA,Germany
Sony Corporation,SONA.DE,XETRA,Germany
SOLON AG fuer Solartechnik,SOO1.DE,XETRA,Germany
Software AG,SOW.DE,XETRA,Germany
splendid medien AG,SPM.DE,XETRA,Germany
Axel Springer AG,SPR.DE,XETRA,Germany
SEE Real Estate AG,SR8.DE,XETRA,Germany
Sharp Corporation,SRP.DE,XETRA,Germany
Sartorius AG,SRT.DE,XETRA,Germany
Sartorius AG,SRT3.DE,XETRA,Germany
Samsung Electronics Co Ltd,SSU.DE,XETRA,Germany
Samsung Electronics Co Ltd,SSUN.DE,XETRA,Germany
STEICO Aktiengesellschaft,ST5.DE,XETRA,Germany
Sto AG,STO3.DE,XETRA,Germany
Sulzer AG,SUL1.DE,XETRA,Germany
Surteco SE,SUR.DE,XETRA,Germany
Shareholder Value,SVE.DE,XETRA,Germany
Syngenta AG,SVJ.DE,XETRA,Germany
Sektkellerei Schloss Wach,SWA.DE,XETRA,Germany
Swisscom AG,SWJ.DE,XETRA,Germany
SolarWorld AG,SWV.DE,XETRA,Germany
sunways AG,SWW.DE,XETRA,Germany
Symrise AG,SY1.DE,XETRA,Germany
Reply Deutschland AG,SYS.DE,XETRA,Germany
Softing AG,SYT.DE,XETRA,Germany
Syzygy AG,SYZ.DE,XETRA,Germany
Salzgitter AG,SZG.DE,XETRA,Germany
Suedzucker AG,SZU.DE,XETRA,Germany
SinnerSchrader AG,SZZ.DE,XETRA,Germany
Tradegate AG Wertpapierha,T2G.DE,XETRA,Germany
Seven Principles AG,T3T.DE,XETRA,Germany
CytoTools AG,T5O.DE,XETRA,Germany
Zumtobel AG,T9Z.DE,XETRA,Germany
Telekom Austria AG,TA1.DE,XETRA,Germany
Tata Motors, Ltd.,TATB.DE,XETRA,Germany
Thomas Cook Group PLC,TCG.DE,XETRA,Germany
trading-house.net AG,TDU.DE,XETRA,Germany
TAG Immobilien AG,TEG.DE,XETRA,Germany
Teva Pharmaceutical,TEV.DE,XETRA,Germany
Tomorrow Focus AG,TFA.DE,XETRA,Germany
Tangibal Group PLC,TFGA.DE,XETRA,Germany
Logwin AG,TGH.DE,XETRA,Germany
Tognum AG,TGM.DE,XETRA,Germany
Yum Brands Inc,TGR.DE,XETRA,Germany
Telegate AG,TGT.DE,XETRA,Germany
Tipp24 AG,TIM.DE,XETRA,Germany
Twintec AG,TIN.DE,XETRA,Germany
ThyssenKrupp AG,TKA.DE,XETRA,Germany
Tesla Motors, Inc.,TL0.DE,XETRA,Germany
TELES AG,TLI.DE,XETRA,Germany
Telefonica SA,TNE2.DE,XETRA,Germany
Telefonica SA,TNE5.DE,XETRA,Germany
Toyota Motor Corp,TOM.DE,XETRA,Germany
Toyota Motor Corp,TOMA.DE,XETRA,Germany
Total SA,TOTA.DE,XETRA,Germany
PVA TePla AG,TPE.DE,XETRA,Germany
Triplan AG,TPN.DE,XETRA,Germany
Telecom Italia SpA,TQI.DE,XETRA,Germany
Telecom Italia SpA,TQIA.DE,XETRA,Germany
Telecom Italia SpA,TQIR.DE,XETRA,Germany
Trina Solar Limited,TR3.DE,XETRA,Germany
TMM Real Estate,TR61.DE,XETRA,Germany
Tsingtao Brewery Co., Ltd.,TSI.DE,XETRA,Germany
Tom Tailor Holding AG,TTI.DE,XETRA,Germany
Takkt AG,TTK.DE,XETRA,Germany
Technotrans AG,TTR1.DE,XETRA,Germany
TUI AG,TUI1.DE,XETRA,Germany
Travel Viva AG,TV0.DE,XETRA,Germany
TV-Loonland AG,TVO.DE,XETRA,Germany
Unibail-Rodamco SE,UBL.DE,XETRA,Germany
UBS AG,UBRA.DE,XETRA,Germany
Swatch Group AG,UHR.DE,XETRA,Germany
United Labels AG,ULC.DE,XETRA,Germany
UMS United,UMS.DE,XETRA,Germany
Unicharm Corp,UN4.DE,Irish,Germany
Unilever NV,UNIN.DE,XETRA,Germany
update software AG,UP2.DE,XETRA,Germany
Beate Uhse AG,USE.DE,XETRA,Germany
United Internet AG,UTDI.DE,XETRA,Germany
3U Holding AG,UUU.DE,XETRA,Germany
Uzin Utz AG,UZU.DE,XETRA,Germany
Vena Resources Inc.,V1R.DE,XETRA,Germany
Vtion Wireless Technology AG,V33.DE,XETRA,Germany
Vectron Systems AG,V3S.DE,XETRA,Germany
Vita 34 AG,V3V.DE,XETRA,Germany
Viscom AG,V6C.DE,XETRA,Germany
Vallourec SA,VAC.DE,XETRA,Germany
Voest-Alpine AG,VAS.DE,XETRA,Germany
VBH Holding AG,VBH.DE,XETRA,Germany
VERBIO,VBK.DE,XETRA,Germany
Veeco Instruments Inc,VEO.DE,XETRA,Germany
Varengold Wertpapierhande,VG8.DE,XETRA,Germany
Vivacon AG,VIA.DE,XETRA,Germany
Villeroy & Boch AG,VIB3.DE,XETRA,Germany
VIB Vermoegen AG,VIH.DE,XETRA,Germany
Vodafone Group PLC,VODE.DE,XETRA,Germany
Vodafone Group PLC,VODH.DE,XETRA,Germany
Vossloh AG,VOS.DE,XETRA,Germany
Volkswagen AG,VOW.DE,XETRA,Germany
Volkswagen AG,VOW3.DE,XETRA,Germany
Volkswagen AG,VOW4.DE,XETRA,Germany
Volkswagen AG,VOW5.DE,XETRA,Germany
ReneSola Ltd.,VQKA.DE,XETRA,Germany
4SC AG,VSC.DE,XETRA,Germany
Advanced Vision,VSJ.DE,XETRA,Germany
VTG Aktiengesellschaft,VT9.DE,XETRA,Germany
Versiko SA,VVV3.DE,XETRA,Germany
b.i.s.,VWD.DE,XETRA,Germany
Vestas Wind Systems A/S,VWS.DE,XETRA,Germany
Vestas Wind Systems A/S,VWSA.DE,XETRA,Germany
Bank Of China Ltd.(Dup),W8V.DE,XETRA,Germany
Basic Resources AG,W8Z.DE,XETRA,Germany
Wacker Neuson SE,WAC.DE,XETRA,Germany
Wacker Chemie AG,WCH.DE,XETRA,Germany
Wirecard AG,WDI.DE,XETRA,Germany
Westgrund AG,WEG1.DE,XETRA,Germany
W.E.T. Automotive Systems AG,WET.DE,XETRA,Germany
Whole Foods Market, Inc.,WFM.DE,XETRA,Germany
Walgreen Company,WGN.DE,XETRA,Germany
Whirlpool Corporation,WHR.DE,XETRA,Germany
Weichai Power Co., Ltd.,WI4.DE,XETRA,Germany
Wienerberger AG,WIB.DE,XETRA,Germany
Wige Media AG,WIG1.DE,XETRA,Germany
Wincor Nixdorf,WIN.DE,XETRA,Germany
Windsor AG,WIR.DE,XETRA,Germany
Wilex AG,WL6.DE,XETRA,Germany
Wuerttembergische,WLV2.DE,XETRA,Germany
wallstreet:online capital AG,WO8.DE,XETRA,Germany
W.O.M. World of Medicine AG,WOM.DE,XETRA,Germany
Wolters Kluwer NV,WOSB.DE,XETRA,Germany
Wallstreet:Online AG,WSO.DE,XETRA,Germany
WashTec AG,WSU.DE,XETRA,Germany
Vienna Insurance Group,WSV2.DE,XETRA,Germany
Westag + Getalit AG,WUG.DE,XETRA,Germany
Westag + Getalit AG,WUG3.DE,XETRA,Germany
Wuestenrot & Wuerttemberg,WUW.DE,XETRA,Germany
Evalue Europe AG,XAC2.DE,XETRA,Germany
Catalis N.V.,XAE.DE,XETRA,Germany
China Unicom (Hong Kong) Ltd,XCI.DE,XETRA,Germany
Strabag SE,XD4.DE,XETRA,Germany
Cytori Therapeutics, Inc.,XMPA.DE,XETRA,Germany
Sino AG,XTP.DE,XETRA,Germany
Xstrata PLC,XTR.DE,XETRA,Germany
Xstrata PLC,XTR1.DE,XETRA,Germany
Yingli Green Energy,YG11.DE,XETRA,Germany
Yahoo! Inc,YHO.DE,XETRA,Germany
JA Solar Holdings Co., ADR,YI2.DE,XETRA,Germany
Yoc AG,YOC.DE,XETRA,Germany
secunet Security Networks AG,YSN.DE,XETRA,Germany
Yanzhou Coal Mining,YZC.DE,XETRA,Germany
Yanzhou Coal Mining,YZCA.DE,XETRA,Germany
China Telecom Corp Ltd,ZCH.DE,XETRA,Germany
China Telecom Corp Ltd,ZCHA.DE,XETRA,Germany
ZhongDe Waste Technology AG,ZEF.DE,XETRA,Germany
AstraZeneca PLC,ZEG.DE,XETRA,Germany
Zurich Insurance Group AG Ltd,ZFI1.DE,XETRA,Germany
Zurich Insurance Group AG,ZFIN.DE,XETRA,Germany
ElringKlinger AG,ZIL2.DE,XETRA,Germany
JinkoSolar Holding Co., Ltd.,ZJS1.DE,XETRA,Germany
China Southern Airlines,ZNHH.DE,XETRA,Germany
zooplus AG,ZO1.DE,XETRA,Germany
Zapf Creation AG,ZPF.DE,XETRA,Germany
Zhaojin Mining Industry,ZVL.DE,XETRA,Germany
Commerzbank AG,ZZMR.DE,XETRA,Germany
