AB Science,AB.PA,Paris,France
ABC arbitrage,ABCA.PA,Paris,France
Accor SA,AC.PA,Paris,France
Audika Groupe,ADI.PA,Paris,France
Advini SA,ADVI.PA,Paris,France
Aedian,AEDI.PA,Paris,France
Air France-KLM,AF.PA,Paris,France
Afone,AFO.PA,Paris,France
Agricole de la Crau,AGCR.PA,Paris,France
Agta Record,AGTA.PA,Paris,France
Air Liquide SA,AI.PA,Paris,France
Akka Technologies,AKA.PA,Paris,France
Arkema,AKE.PA,Paris,France
1855 SA,AL185.PA,Paris,France
AdThink Media SA,ALADM.PA,Paris,France
Adomos SA,ALADO.PA,Paris,France
Adverline SA,ALADV.PA,Paris,France
Agrogeneration,ALAGR.PA,Paris,France
Acheter-Louer.Fr SA,ALALO.PA,Paris,France
Antevenio SA,ALANT.PA,Paris,France
Aquila SA,ALAQU.PA,Paris,France
Arkoon Network Security SA,ALARK.PA,Paris,France
Assya Compagnie Financiere,ALASS.PA,Paris,France
Astellia SA,ALAST.PA,Paris,France
Auplata SA,ALAUP.PA,Paris,France
Auto Escape SA,ALAUT.PA,Paris,France
Sidetrade SA,ALBFR.PA,Paris,France
Bionersis,ALBRS.PA,Paris,France
Budget Telecom SA,ALBUD.PA,Paris,France
Carmat SAS,ALCAR.PA,Paris,France
Cerep SA,ALCER.PA,Paris,France
Clasquin SA,ALCLA.PA,Paris,France
Cellectis SA,ALCLS.PA,Paris,France
CRM Company SA,ALCRM.PA,Paris,France
Cortix SA,ALCTX.PA,Paris,France
Deinove,ALDEI.PA,Paris,France
Dietswell Engineering SA,ALDIE.PA,Paris,France
DLSI SA,ALDLS.PA,Paris,France
Demos SA,ALDMO.PA,Paris,France
Dolphin Integration SA,ALDOL.PA,Paris,France
Alliance Developpement,ALDV.PA,Paris,France
Exonhit SA,ALEHT.PA,Paris,France
Entreparticuliers SA,ALENT.PA,Paris,France
Eurasia Groupe,ALEUA.PA,Paris,France
Europlasma,ALEUP.PA,Paris,France
Fashion B. Air SA,ALFBA.PA,Paris,France
Fountaine Pajot SA,ALFPC.PA,Paris,France
Freelance com SA,ALFRE.PA,Paris,France
Eurogerm SA,ALGEM.PA,Paris,France
Genoway SA,ALGEN.PA,Paris,France
Genfit SA,ALGFT.PA,Paris,France
Let's Gowex SA,ALGOW.PA,Paris,France
LeGuide.com SA,ALGUI.PA,Paris,France
H2O Innovation Inc,ALHEO.PA,Paris,France
HiTechPros SA,ALHIT.PA,Paris,France
Homair Vacances,ALHOM.PA,Paris,France
Heurtey Petrochem SA,ALHPC.PA,Paris,France
Harvest SA,ALHVS.PA,Paris,France
Hybrigenics SA,ALHYG.PA,Paris,France
i2S Corp SA,ALI2S.PA,Paris,France
Groupimo SA,ALIMO.PA,Paris,France
Millet Innovation SA,ALINN.PA,Paris,France
Integragen,ALINT.PA,Paris,France
L'Inventoriste,ALIVT.PA,Paris,France
Keyyo,ALKEY.PA,Paris,France
Logic Instrument SA,ALLOG.PA,Paris,France
Alpha Mos,ALM.PA,Paris,France
Mastrad SA,ALMAS.PA,Paris,France
Maximiles SA,ALMAX.PA,Paris,France
MGI Digital Graphic,ALMDG.PA,Paris,France
Medicrea International SA,ALMED.PA,Paris,France
Groupe Promeo SA,ALMEO.PA,Paris,France
Sapmer,ALMER.PA,Paris,France
Groupe Monceau Fleurs,ALMFL.PA,Paris,France
MG International,ALMGI.PA,Paris,France
Satimo,ALMIC.PA,Paris,France
1000Mercis SA,ALMIL.PA,Paris,France
NetBooster SA,ALNBT.PA,Paris,France
Neotion SA,ALNEO.PA,Paris,France
Neovacs SA,ALNEV.PA,Paris,France
Nexeya S.A.,ALNEX.PA,Paris,France
Notrefamille.com SA,ALNFA.PA,Paris,France
Alstom SA,ALO.PA,Paris,France
Ober SA,ALOBR.PA,Paris,France
Octo Technology SA,ALOCT.PA,Paris,France
Societe O2I,ALODI.PA,Paris,France
Orolia SA,ALORO.PA,Paris,France
ADL Partner,ALP.PA,Paris,France
Piscines Group SA,ALPGG.PA,Paris,France
Press Index SA,ALPRI.PA,Paris,France
Prodware SA,ALPRO.PA,Paris,France
Proventec PLC,ALPTC.PA,Paris,France
Poweo Direct Energie,ALPWO.PA,Paris,France
Reims Aviation Industries SA,ALRAI.PA,Paris,France
Richel Serres de France SA,ALRIC.PA,Paris,France
Solutions 30 SA,ALS30.PA,Paris,France
Stradim-Espace Finances SA,ALSAS.PA,Paris,France
DL Software SA,ALSDL.PA,Paris,France
Makheia Group,ALSEQ.PA,Paris,France
Serma Technologies SA,ALSER.PA,Paris,France
Assima PLC,ALSIM.PA,Paris,France
Custom Solutions,ALSOL.PA,Paris,France
Sporever SA,ALSPO.PA,Paris,France
Streamwide,ALSTW.PA,Paris,France
Altran Technologies,ALT.PA,Paris,France
TechniLine SA,ALTEC.PA,Paris,France
Environnement SA,ALTEV.PA,Paris,France
Traqueur SA,ALTRA.PA,Paris,France
Trilogiq SA,ALTRI.PA,Paris,France
Evolis SA,ALTVO.PA,Paris,France
Alcatel-Lucent,ALU.PA,Paris,France
VDI Group SA,ALVDI.PA,Paris,France
Voyageurs du Monde SA,ALVDM.PA,Paris,France
Vergnet SA,ALVER.PA,Paris,France
Video Futur Entertainment,ALVOD.PA,Paris,France
Aerowatt,ALWAT.PA,Paris,France
Weborama SA,ALWEB.PA,Paris,France
Wedia,ALWED.PA,Paris,France
Dassault Aviation SA,AM.PA,Paris,France
Atmel Corporation,AML.PA,Paris,France
Societe d'Edition,AN.PA,Paris,France
April,APR.PA,Paris,France
Argan,ARG.PA,Paris,France
Autoroutes Paris-Rhin-Rhone,ARR.PA,Paris,France
Artois,ARTO.PA,Paris,France
AST Groupe,ASP.PA,Paris,France
Assystem SA,ASY.PA,Paris,France
Atari,ATA.PA,Paris,France
Alten,ATE.PA,Paris,France
Actielec Technologies,ATI.PA,Paris,France
Atos,ATO.PA,Paris,France
Aubay,AUB.PA,Paris,France
Augros Cosmetics Packaging SA,AUGR.PA,Paris,France
Aurea,AURE.PA,Paris,France
Aures Technologies,AURS.PA,Paris,France
Avenir Finance,AVF.PA,Paris,France
Avanquest Software,AVQ.PA,Paris,France
Bains de Mer Monaco,BAIN.PA,Paris,France
Bic,BB.PA,Paris,France
Brasseries du Cameroun,BCAM.PA,Paris,France
Baccarat SA,BCRA.PA,Paris,France
Bricodeal,BDAL.PA,Paris,France
Le Belier,BELI.PA,Paris,France
Beneteau SA,BEN.PA,Paris,France
Financiere Immobiliere,BERR.PA,Paris,France
Bongrain,BH.PA,Paris,France
Gascogne,BI.PA,Paris,France
Bigben Interactive,BIG.PA,Paris,France
BioMerieux SA,BIM.PA,Paris,France
BioAlliance Pharma,BIO.PA,Paris,France
Bleecker,BLEE.PA,Paris,France
Danone,BN.PA,Paris,France
BCI Navigation,BNA.PA,Paris,France
Business & Decision,BND.PA,Paris,France
BNP Paribas,BNP.PA,Paris,France
Beni Stabili S.p.A. SIIQ,BNS.PA,Paris,France
Boiron,BOI.PA,Paris,France
Bonduelle,BON.PA,Paris,France
Boursorama,BRS.PA,Paris,France
Bourse Direct,BSD.PA,Paris,France
Bac Majestic,BST.PA,Paris,France
Barbara Bui,BUI.PA,Paris,France
Bull,BULL.PA,Paris,France
Burelle,BUR.PA,Paris,France
Belvedere SA,BVD.PA,Paris,France
Bureau Veritas SA,BVI.PA,Paris,France
Carrefour,CA.PA,Paris,France
Crcam Paris Et Idf,CAF.PA,Paris,France
Cafom,CAFO.PA,Paris,France
Cameleon Software,CAM.PA,Paris,France
Capgemini,CAP.PA,Paris,France
Capelli,CAPLI.PA,Paris,France
Carpinienne de Participations,CARP.PA,Paris,France
Carrefour Property Development,CARPD.PA,Paris,France
Cast,CAS.PA,Paris,France
Caisse Regionale,CAT31.PA,Paris,France
Caterpillar Inc,CATR.PA,Paris,France
Cambodge (Compagnie du),CBDG.PA,Paris,France
Robertet,CBE.PA,Paris,France
SCBSM,CBSM.PA,Paris,France
CIC,CC.PA,Paris,France
CCA International,CCA.PA,Paris,France
CDA (Compagnie des Alpes),CDA.PA,Paris,France
Christian Dior SA,CDI.PA,Paris,France
Groupe Crit,CEN.PA,Paris,France
CFAO,CFAO.PA,Paris,France
Compagnie Fonciere,CFI.PA,Paris,France
Cofitem-Cofimur,CFTM.PA,Paris,France
Cegid Group,CGD.PA,Paris,France
Cegedim,CGM.PA,Paris,France
Cegereal,CGR.PA,Paris,France
Parisienne de Chauffage Urbain,CHAU.PA,Paris,France
Chausseria,CHSR.PA,Paris,France
Cibox Inter@ctive,CIB.PA,Paris,France
Marocaine (Compagnie),CIEM.PA,Paris,France
Cliffs Natural Resources Inc.,CLF.PA,Paris,France
CNP Assurances,CNP.PA,Paris,France
Casino Guichard-Perrachon,CO.PA,Paris,France
Coheris,COH.PA,Paris,France
Cnim,COM.PA,Paris,France
Courtois,COUR.PA,Paris,France
Nicox,COX.PA,Paris,France
Credit Agricole Brie,CRBP2.PA,Paris,France
Chargeurs SA,CRI.PA,Paris,France
AXA SA,CS.PA,Paris,France
Catering International,CTRG.PA,Paris,France
Cybergun,CYB.PA,Paris,France
Dane-Elec Memory,DAN.PA,Paris,France
Derichebourg,DBG.PA,Paris,France
Encres Dubuit,DBT.PA,Paris,France
JC Decaux SA,DEC.PA,Paris,France
Delfingen Industry,DELF.PA,Paris,France
Crosswood,DEQN.PA,Paris,France
Devernois,DEVR.PA,Paris,France
Vinci,DG.PA,Paris,France
Diageo PLC,DGE.PA,Paris,France
DMS,DGM.PA,Paris,France
Digigram,DIG.PA,Paris,France
Sartorius Stedim Biotech SA,DIM.PA,Paris,France
Delta Plus Group,DLTA.PA,Paris,France
Dnxcorp,DNX.PA,Paris,France
Dow Chemical Co,DOWCP.PA,Paris,France
St Dupont,DPT.PA,Paris,France
Dassault Systemes SA,DSY.PA,Paris,France
Duc,DUC.PA,Paris,France
E.I du Pont de Nemours,DUPP.PA,Paris,France
Devoteam SA,DVT.PA,Paris,France
Dynaction,DYT.PA,Paris,France
European Aeronautic,EAD.PA,Paris,France
Adt Siic,EADT.PA,Paris,France
Financiere Immobiliere,EBPF.PA,Paris,France
Total Gabon,EC.PA,Paris,France
Eca,ECASA.PA,Paris,France
EuropaCorp,ECP.PA,Paris,France
Edenred SA,EDEN.PA,Paris,France
Media 6,EDI.PA,Paris,France
Euro Disney,EDL.PA,Paris,France
Electricite et Eaux,EEM.PA,Paris,France
Espace Production,EHO.PA,Paris,France
Essilor International SA,EI.PA,Paris,France
Tour Eiffel,EIFF.PA,Paris,France
Euler Hermes,ELE.PA,Paris,France
Electricite strasbourg,ELEC.PA,Paris,France
Emme,EME.PA,Paris,France
Euromedis Groupe,EMG.PA,Paris,France
Bouygues,EN.PA,Paris,France
Faurecia,EO.PA,Paris,France
Acteos,EOS.PA,Paris,France
Explosifs et Produits,EPCP.PA,Paris,France
Eramet,ERA.PA,Paris,France
Eurofins Scientific Group S.A.,ERF.PA,Paris,France
Ermo,ERMO.PA,Paris,France
Eurosic,ERSC.PA,Paris,France
Esso,ES.PA,Paris,France
Esi Group,ESI.PA,Paris,France
ESR,ESRP.PA,Paris,France
Eutelsat Communications,ETL.PA,Paris,France
Euro Ressources S.A.,EUR.PA,Paris,France
Exacompta Clairefontaine,EXAC.PA,Paris,France
Exel Industries SA,EXE.PA,Paris,France
Explosifs et Produits,EXPL.PA,Paris,France
Fala,FALA.PA,Paris,France
Fauvet-Girel,FAUV.PA,Paris,France
Fayenceries de Sarreguemines,FAYE.PA,Paris,France
Fromageries Bel,FBEL.PA,Paris,France
Fermiere du Casino,FCMC.PA,Paris,France
Fonciere Developpement,FDL.PA,Paris,France
Fonciere des Regions,FDR.PA,Paris,France
Giorgio Fedon & Figli,FED.PA,Paris,France
Aufeminin.com,FEM.PA,Paris,France
FFP SA,FFP.PA,Paris,France
Eiffage,FGR.PA,Paris,France
Lisi,FII.PA,Paris,France
Fimalac,FIM.PA,Paris,France
Fipp,FIPP.PA,Paris,France
Fleury Michon,FLE.PA,Paris,France
Flo (Groupe),FLO.PA,Paris,France
Finatis,FNTS.PA,Paris,France
Ford Motor Co,FORDP.PA,Paris,France
Total SA,FP.PA,Paris,France
Union Technologies,FPG.PA,Paris,France
Valeo SA,FR.PA,Paris,France
Frey,FREY.PA,Paris,France
Fiat Group S.p.A.,FSOR.PA,Paris,France
France Telecom SA,FTE.PA,Paris,France
CGG Veritas,GA.PA,Paris,France
Gaumont,GAM.PA,Paris,France
Biscuits Gardeil,GARD.PA,Paris,France
Bourbon,GBB.PA,Paris,France
Guerbet,GBT.PA,Paris,France
Grands Moulins de Strasbourg,GDMS.PA,Paris,France
GEA,GEA.PA,Paris,France
Geci International,GECP.PA,Paris,France
Generix Group,GENX.PA,Paris,France
Groupe Eurotunnel SA,GET.PA,Paris,France
Gecina,GFC.PA,Paris,France
GFI Informatique,GFI.PA,Paris,France
Gameloft,GFT.PA,Paris,France
Egide,GID.PA,Paris,France
Signaux Girod,GIRO.PA,Paris,France
Groupe JAJ,GJAJ.PA,Paris,France
GL Events,GLO.PA,Paris,France
Norbert Dentressangle,GND.PA,Paris,France
General Electric Co,GNE.PA,Paris,France
Groupe Gorge SA,GOE.PA,Paris,France
Groupe Pizzorno Environnement,GPE.PA,Paris,France
Graines Voltz,GRVO.PA,Paris,France
Groupe Go Sport,GSP.PA,Paris,France
GDF Suez,GSZ.PA,Paris,France
Gemalto,GTO.PA,Paris,France
Guillemot Corporation,GUI.PA,Paris,France
Guy Degrenne,GUYD.PA,Paris,France
Havas,HAV.PA,Paris,France
Hubwoo,HBW.PA,Paris,France
Huis Clos,HCL.PA,Paris,France
High Co,HCO.PA,Paris,France
Les Hotels de Paris,HDP.PA,Paris,France
HF Company,HF.PA,Paris,France
Hi-Media,HIM.PA,Paris,France
Thales,HO.PA,Paris,France
Hologram Industries,HOL.PA,Paris,France
HSBC Holdings PLC,HSB.PA,Paris,France
Maroc Telecom,IAM.PA,Paris,France
Icade SA,ICAD.PA,Paris,France
Institut de Developpement,IDIP.PA,Paris,France
IEC Professionnel Media,IEC.PA,Paris,France
IGE Plus XAO SA,IGE.PA,Paris,France
Iliad,ILD.PA,Paris,France
Affine R.E.,IML.PA,Paris,France
Infotel,INF.PA,Paris,France
Compagnie Industrielle,INFE.PA,Paris,France
Innelec Multimedia SA,INN.PA,Paris,France
Innate Pharma SA,IPH.PA,Paris,France
Ipsen,IPN.PA,Paris,France
Ipsos,IPS.PA,Paris,France
Itesoft,ITE.PA,Paris,France
IT Link,ITL.PA,Paris,France
Interparfums,ITP.PA,Paris,France
ITS Group,ITS.PA,Paris,France
Intexa SA,ITXT.PA,Paris,France
Jacques Bogart,JBOG.PA,Paris,France
Archos,JXR.PA,Paris,France
Orchestra KaZiBao,KAZI.PA,Paris,France
Keyrus,KEY.PA,Paris,France
Kindy,KIND.PA,Paris,France
Natixis,KN.PA,Paris,France
Kaufman & Broad,KOF.PA,Paris,France
Korian,KORI.PA,Paris,France
Lacie,LAC.PA,Paris,France
Lacroix,LACR.PA,Paris,France
Lafuma,LAF.PA,Paris,France
Lanson-BCC,LAN.PA,Paris,France
Latecoere,LAT.PA,Paris,France
Cie Lebon S.A.,LBON.PA,Paris,France
SoluCom,LCO.PA,Paris,France
Locindus,LD.PA,Paris,France
Ldlc.com,LDL.PA,Paris,France
Fonciere 7 Investissement,LEBL.PA,Paris,France
Lexibook,LEX.PA,Paris,France
Faiveley Transport,LEY.PA,Paris,France
Lafarge SA,LG.PA,Paris,France
Linedata Services,LIN.PA,Paris,France
Le Noble Age,LNA.PA,Paris,France
Les Nouveaux Constructeurs,LNC.PA,Paris,France
L.D.C. SA,LOUP.PA,Paris,France
Laurent-Perrier,LPE.PA,Paris,France
Legrand,LR.PA,Paris,France
Lectra,LSS.PA,Paris,France
Altamir Amboise,LTA.PA,Paris,France
Le Tanneur et Compagnie,LTAN.PA,Paris,France
Valtech,LTE.PA,Paris,France
Henri Maire,MAIR.PA,Paris,France
Grand Marnier,MALA.PA,Paris,France
Malteries Franco-Belges,MALT.PA,Paris,France
Manutan International,MAN.PA,Paris,France
LVMH Moet Hennessy Louis,MC.PA,Paris,France
Mecelec SA,MCLC.PA,Paris,France
Medica SA,MDCA.PA,Paris,France
Medasys,MED.PA,Paris,France
Meetic,MEET.PA,Paris,France
Memscap,MEMS.PA,Paris,France
Mercialys,MERY.PA,Paris,France
Metabolic Explorer,METEX.PA,Paris,France
Wendel Investissement,MF.PA,Paris,France
Maisons France Confort,MFC.PA,Paris,France
Montaigne Fashion Group,MFG.PA,Paris,France
MGI Coutier,MGIC.PA,Paris,France
Millimages,MIL.PA,Paris,France
Michelin,ML.PA,Paris,France
ABC Orthodontics SA,MLABC.PA,Paris,France
Acadomia Groupe,MLACA.PA,Paris,France
ACEP France,MLACP.PA,Paris,France
Arthur Maury,MLAMY.PA,Paris,France
Arion Entreprise,MLARI.PA,Paris,France
ATI Petroleum Ltd,MLATP.PA,Paris,France
A Toute Vitesse,MLATV.PA,Paris,France
Batla Minerals SA,MLBAT.PA,Paris,France
Motocab,MLCAB.PA,Paris,France
Lombard et Medot,MLCAC.PA,Paris,France
Cecurity.com,MLCEC.PA,Paris,France
China Forest Industry,MLCFI.PA,Paris,France
Credit Foncier de Monaco,MLCFM.PA,Paris,France
Cheops Technology France SA,MLCHE.PA,Paris,France
Christian Potier SA,MLCHP.PA,Paris,France
Groupe CLAF,MLCLA.PA,Paris,France
Compagnie du Mont-Blanc,MLCMB.PA,Paris,France
Corep Lighting SA,MLCOR.PA,Paris,France
Cryonic Medical SA,MLCRY.PA,Paris,France
China Super Power Saving,MLCSP.PA,Paris,France
Debflex,MLDEX.PA,Paris,France
DRDGold Limited,MLDUR.PA,Paris,France
Easson Telecom Ltd,MLEAS.PA,Paris,France
Ste des Eaux de Douai SA,MLEAU.PA,Paris,France
Smbg SA,MLEDU.PA,Paris,France
EO2 SA,MLEO2.PA,Paris,France
Euroland Corporate,MLERO.PA,Paris,France
Ste du Journal de,MLEST.PA,Paris,France
Metalliance (HCM),MLETA.PA,Paris,France
Societe Francaise Exxon,MLEXX.PA,Paris,France
Facilasol Group,MLFAC.PA,Paris,France
Financiere Croissance,MLFCI.PA,Paris,France
Ferco Developpement,MLFER.PA,Paris,France
Technofirst SA,MLFST.PA,Paris,France
forges de trie chateau SA,MLFTC.PA,Paris,France
Finaxo Environnement,MLFXO.PA,Paris,France
Gaussin SA,MLGAU.PA,Paris,France
Global Equities,MLGE.PA,Paris,France
Georex SA,MLGEO.PA,Paris,France
Global EcoPower,MLGEP.PA,Paris,France
Green Energy 4 Seasons SA,MLGES.PA,Paris,France
Global Interface SA,MLGLO.PA,Paris,France
Groupe Caisse d'Epargne,MLGRC.PA,Paris,France
Galloo Ile De France,MLGRD.PA,Paris,France
Hoteliere et Immobiliere,MLHIN.PA,Paris,France
Ste Immo et d'Exp de l'H,MLHMC.PA,Paris,France
Hydro Exploitations SA,MLHYE.PA,Paris,France
IDS,MLIDS.PA,Paris,France
Imalliance SA,MLIML.PA,Paris,France
Lionax International,MLION.PA,Paris,France
Ipernity Org,MLIPY.PA,Paris,France
Krief Group,MLKRI.PA,Paris,France
Locasystem international SA,MLLOI.PA,Paris,France
Look Voyages SA,MLLOO.PA,Paris,France
Lyon Poche Presse,MLLYP.PA,Paris,France
Les Maisons d'Aujourd'hui,MLMAI.PA,Paris,France
Magillem Design Services,MLMGL.PA,Paris,France
Stade Phoceen,MLMVR.PA,,France
News Invest,MLNEI.PA,Paris,France
Neocom Multimedia,MLNEO.PA,Paris,France
NSI SA,MLNSI.PA,Paris,France
Olmix SA,MLOLM.PA,Paris,France
Body One SA,MLONE.PA,Paris,France
Optimus SA,MLOPT.PA,Paris,France
Orege,MLORE.PA,Paris,France
Opti-Time,MLOTI.PA,Paris,France
Pacte Novation SA,MLPAC.PA,Paris,France
Plant Advanced,MLPAT.PA,Paris,France
Parfex SA,MLPFX.PA,Paris,France
PGO Automobiles,MLPGO.PA,Paris,France
Placoplatre,MLPLC.PA,Paris,France
Poiray Joaillier,MLPOI.PA,Paris,France
Quantum Genomics,MLQGC.PA,Paris,France
Quadrimex Chimie SA,MLQUD.PA,Paris,France
Raphael Michel SA,MLRAM.PA,Paris,France
Reworld Media,MLREW.PA,Paris,France
Rexan,MLREX.PA,Paris,France
Groupe Rivalis,MLRIV.PA,Paris,France
Roctool,MLROC.PA,Paris,France
Rousselet Centrifugation SA,MLROU.PA,Paris,France
Scientific Brain Training,MLSBT.PA,Paris,France
Securinfor,MLSEC.PA,Paris,France
Selsi,MLSEL.PA,Paris,France
Solia,MLSOL.PA,Paris,France
Streit Industries,MLSTR.PA,Paris,France
TEAM,MLTEA.PA,Paris,France
Technoflex SA,MLTEK.PA,Paris,France
Thomas Fleurs SA,MLTFL.PA,Paris,France
Les Trois Chenes,MLTRC.PA,Paris,France
Troc de L'ile SA,MLTRO.PA,Paris,France
Union Metallurgique,MLUMH.PA,Paris,France
Velcan Energy SA,MLVEL.PA,,France
Verney-Carron SA,MLVER.PA,Paris,France
Vestasia Ltd,MLVES.PA,Paris,France
Viapresse SA,MLVIA.PA,Paris,France
Visio Nerf SA,MLVIS.PA,Paris,France
Voltalia SA,MLVLT.PA,Paris,France
Vopium AS,MLVOP.PA,Paris,France
Weya,MLWEY.PA,Paris,France
China Mowin Holdings Ltd,MLWIN.PA,Paris,France
ZCCM Investments Holdings PLC,MLZAM.PA,Paris,France
Lagardere Groupe SCA,MMB.PA,Paris,France
Montupet,MON.PA,Paris,France
Mr Bricolage,MRB.PA,Paris,France
Merck & Co Inc,MRK.PA,Paris,France
MRM,MRM.PA,Paris,France
Mersen,MRN.PA,Paris,France
Manitou BF,MTU.PA,Paris,France
Index Multimedia,MUL.PA,Paris,France
Micropole,MUN.PA,Paris,France
Neopost,NEO.PA,Paris,France
Nergeco,NERG.PA,Paris,France
Nexans,NEX.PA,Paris,France
Imerys,NK.PA,Paris,France
Nrj Group,NRG.PA,Paris,France
Neurones,NRO.PA,Paris,France
Naturex SA,NRX.PA,Paris,France
NSC Groupe,NSGP.PA,Paris,France
Netgem,NTG.PA,Paris,France
Nexity,NXI.PA,Paris,France
NextRadioTV,NXTV.PA,Paris,France
NYSE Euronext, Inc.,NYX.PA,Paris,France
Financiere de l'Odet SA,ODET.PA,Paris,France
Olympique Lyonnais Groupe,OLG.PA,Paris,France
Groupe Open,OPN.PA,Paris,France
L'Oreal SA,OR.PA,Paris,France
Orapi,ORAP.PA,Paris,France
Orco Property Group,ORC.PA,Paris,France
Fiducial Real Estate,ORIA.PA,Paris,France
Orosdi,OROS.PA,Paris,France
Orpea,ORP.PA,Paris,France
Osiatis,OSA.PA,Paris,France
Ausy,OSI.PA,Paris,France
Overlap Groupe,OVG.PA,Paris,France
Oxis International, Inc.,OXI.PA,Paris,France
PagesJaunes S.A.,PAJ.PA,Paris,France
Paref,PAR.PA,Paris,France
Groupe Partouche,PARP.PA,Paris,France
Parrot,PARRO.PA,Paris,France
Patrimoine et Commerce,PAT.PA,Paris,France
Produits Chimiques,PCA.PA,Paris,France
Procter & Gamble Co,PGP.PA,Paris,France
Pharmagest Interactive,PHA.PA,Paris,France
Haulotte Group,PIG.PA,Paris,France
Philip Morris,PM.PA,Paris,France
Plastic Omnium,POM.PA,Paris,France
Poncin Yachts,PONY.PA,Paris,France
PPR,PP.PA,Paris,France
Artprice.com,PRC.PA,Paris,France
Precia,PREC.PA,Paris,France
Prologue,PROL.PA,Paris,France
Prismaflex International,PRS.PA,Paris,France
Passat,PSAT.PA,Paris,France
PSB Industries,PSB.PA,Paris,France
Parsys SA,PSY.PA,Paris,France
Plantations des Terres Rouges,PTER.PA,Paris,France
Publicis Groupe SA,PUB.PA,Paris,France
Public Systeme Hopscotch,PUS.PA,Paris,France
Plastiques du Val-de-Loire,PVL.PA,Paris,France
Quotium Technologies,QTE.PA,Paris,France
Quantel,QUA.PA,Paris,France
Rallye,RAL.PA,Paris,France
Systran,RAN.PA,Paris,France
Robertet,RBT.PA,Paris,France
Teleperformance,RCF.PA,Paris,France
Rue du Commerce,RDC.PA,Paris,France
Colas,RE.PA,Paris,France
Eurazeo,RF.PA,Paris,France
Pernod Ricard NV,RI.PA,Paris,France
Steria (Groupe),RIA.PA,Paris,France
Riber,RIB.PA,Paris,France
Ricoh, Ltd.,RICOP.PA,Paris,France
Vilmorin & Cie,RIN.PA,Paris,France
Radiall,RLL.PA,Paris,France
Renault SA,RNO.PA,Paris,France
Rocamat,ROCA.PA,Paris,France
Rodriguez Group,ROD.PA,Paris,France
Risc Group,RSC.PA,Paris,France
Rubis,RUI.PA,Paris,France
United Company Rusal PLC,RUSAL.PA,Paris,France
Recylex SA,RX.PA,Paris,France
Rexel SA,RXL.PA,Paris,France
Sabeton,SABE.PA,Paris,France
Fiducial Office Solutions,SACI.PA,Paris,France
Safran SA,SAF.PA,Paris,France
Saft Groupe,SAFT.PA,Paris,France
Sam,SAMP.PA,Paris,France
Samse,SAMS.PA,Paris,France
Sanofi,SAN.PA,Paris,France
Systar,SAR.PA,Paris,France
Oeneo,SBT.PA,Paris,France
Schaeffer Dufour,SCDU.PA,Paris,France
Score SE,SCR.PA,Paris,France
Synergie,SDG.PA,Paris,France
Visiodent,SDT.PA,Paris,France
SES SA,SESG.PA,Paris,France
Store Electronic Systems,SESL.PA,Paris,France
Suez Environnement Company SA,SEV.PA,Paris,France
Sofibus Patrimoine,SFBS.PA,Paris,France
Soft Computing,SFT.PA,Paris,France
Compagnie de Saint-Gobain,SGO.PA,Paris,France
Societe Pour,SII.PA,Paris,France
Silic,SIL.PA,Paris,France
SIPH,SIPH.PA,Paris,France
Groupe Seb,SK.PA,Paris,France
Schlumberger NV,SLB.PA,Paris,France
Somfy,SO.PA,Paris,France
Sodifrance,SOA.PA,Paris,France
Sofragi,SOFR.PA,Paris,France
Sogeclair,SOG.PA,Paris,France
Soitec,SOI.PA,Paris,France
Sopra Group,SOP.PA,Paris,France
Sinclair IS Pharma PLC,SPH.PA,Paris,France
Spir Communication,SPI.PA,Paris,France
Sqli SA,SQI.PA,Paris,France
Installux,STAL.PA,Paris,France
Stef,STF.PA,Paris,France
STMicroelectronics NV,STM.PA,Paris,France
Schneider Electric,SU.PA,Paris,France
Supra SA,SUPR.PA,Paris,France
Sodexo,SW.PA,Paris,France
Sword Group,SWP.PA,Paris,France
Communication & Systemes,SX.PA,Paris,France
Salvepar,SY.PA,Paris,France
Etam Developpement SA,TAM.PA,Paris,France
Tayninh,TAYN.PA,Paris,France
Technicolor,TCH.PA,Paris,France
Technip,TEC.PA,Paris,France
Theolia,TEO.PA,Paris,France
Tessi,TES.PA,Paris,France
Tonnellerie Francois,TFF.PA,Paris,France
Television Francaise 1 SA,TFI.PA,Paris,France
Thermador Groupe,THEP.PA,Paris,France
Thermocompact,THER.PA,Paris,France
Tipiak,TIPI.PA,Paris,France
Technofan,TNFN.PA,Paris,France
Transgene,TNG.PA,Paris,France
Tonna Electronique,TONN.PA,Paris,France
Toupargel Groupe,TOU.PA,Paris,France
Touax,TOUP.PA,Paris,France
Trigano,TRI.PA,Paris,France
Banque Tarneaud,TRNO.PA,Paris,France
Tivoly,TVLY.PA,Paris,France
Televerbier,TVRB.PA,Paris,France
Ubisoft Entertainment,UBI.PA,Paris,France
U10 SA,UDIS.PA,Paris,France
Union Financiere,UFF.PA,Paris,France
Peugeot,UG.PA,Paris,France
Unibail-Rodamco SE,UL.PA,Paris,France
Ulric de Varens,ULDV.PA,Paris,France
Umanis NR,UMS.PA,Paris,France
Unibel,UNBL.PA,Paris,France
Pierre & Vacances,VAC.PA,Paris,France
Vale SA,VALE3.PA,Paris,France
Vicat,VCT.PA,Paris,France
Vet Affaires,VET.PA,Paris,France
Groupe Vial,VIA.PA,Paris,France
Veolia Environnement SA,VIE.PA,Paris,France
Viel & Compagnie,VIL.PA,Paris,France
Virbac,VIRP.PA,Paris,France
Vivendi SA,VIV.PA,Paris,France
Vallourec SA,VK.PA,Paris,France
Vivalis,VLS.PA,Paris,France
VM Materiaux SA,VMMA.PA,Paris,France
Vranken Pommery Monopole,VRAP.PA,Paris,France
Verneuil Participations,VRNL.PA,Paris,France
Weatherford International Ltd,WFT.PA,Paris,France
Xilam Animation,XIL.PA,Paris,France
Zodiac Aerospace,ZC.PA,Paris,France
Zueblin Immobiliere France,ZIF.PA,Paris,France
