Australian Agricultu,AAC.AX,ASX,Australia
Ardent Leisure Group,AAD.AX,ASX,Australia
Agri Energy Limited,AAE.AX,ASX,Australia
Alcoa Inc,AAI.AX,ASX,Australia
Australia China Holdings Ltd.,AAK.AX,ASX,Australia
APAC Coal Limited,AAL.AX,ASX,Australia
Stone Resources Australia Ltd,AAM.AX,ASX,Australia
Adept Solutions Ltd,AAO.AX,ASX,Australia
AAQ Holding Ltd,AAQ.AX,ASX,Australia
Anglo Australian Resources NL,AAR.AX,ASX,Australia
Adcorp Australia Ltd.,AAU.AX,ASX,Australia
Ausenco Limited,AAX.AX,ASX,Australia
AACL Holdings Limited,AAY.AX,ASX,Australia
Adelaide Brighton Limited,ABC.AX,ASX,Australia
Abacus Property Group,ABP.AX,ASX,Australia
ABM Resources NL,ABU.AX,ASX,Australia
Advanced Braking,ABV.AX,ASX,Australia
Aditya Birla Minerals Limited,ABY.AX,ASX,Australia
Australian Bauxite Limited,ABZ.AX,ASX,Australia
A-Cap Resources Limited,ACB.AX,ASX,Australia
AtCor Medical Holdings Limited,ACG.AX,ASX,Australia
Austock Group Limited,ACK.AX,ASX,Australia
Alchemia Limited,ACL.AX,ASX,Australia
Acrux Limited,ACR.AX,ASX,Australia
Accent Resources N.L.,ACS.AX,ASX,Australia
Acuvax Ltd,ACU.AX,ASX,Australia
Actinogen Limited,ACW.AX,ASX,Australia
Zamanco Minerals Limited,ACZ.AX,ASX,Australia
Adacel Technologies Limited,ADA.AX,ASX,Australia
Adavale Resources Limited,ADD.AX,ASX,Australia
Adelaide Resources Limited,ADN.AX,ASX,Australia
Anteo Diagnostics Limited,ADO.AX,ASX,Australia
ADG Global Supply Limited,ADQ.AX,ASX,Australia
ADX Energy Ltd.,ADX.AX,ASX,Australia
Admiralty Resources NL,ADY.AX,ASX,Australia
Aura Energy Limited,AEE.AX,ASX,Australia
Australian Ethical,AEF.AX,ASX,Australia
Aeris Environmental Ltd.,AEI.AX,ASX,Australia
Redbank Energy Ltd,AEJ.AX,ASX,Australia
Artist & Entertainment,AEM.AX,ASX,Australia
Australian Education Trust,AEU.AX,ASX,Australia
Leopard Resources NL,AEX.AX,ASX,Australia
ASF Group Limited,AFA.AX,ASX,Australia
Australian Foundation,AFI.AX,ASX,Australia
African Energy Resou,AFR.AX,ASX,Australia
AFT Corporation Limited,AFT.AX,ASX,Australia
Anglogold Ashanti Limited,AGG.AX,ASX,Australia
Ainsworth Game Techn,AGI.AX,ASX,Australia
Agricultural Land Trust,AGJ.AX,ASX,Australia
AGL Energy Limited,AGK.AX,ASX,Australia
Atlas Iron Ltd,AGO.AX,ASX,Australia
Alliance Resources Limited,AGS.AX,ASX,Australia
Aurium Resources Limited,AGU.AX,ASX,Australia
Agenix Limited,AGX.AX,ASX,Australia
Argosy Minerals Ltd,AGY.AX,ASX,Australia
AHC Limited,AHC.AX,ASX,Australia
Amalgamated Holdings Limited,AHD.AX,ASX,Australia
Automotive Holdings,AHE.AX,ASX,Australia
Athena Resources Limited,AHN.AX,ASX,Australia
Anchor Resources Limited,AHR.AX,ASX,Australia
Auckland Airport Airport,AIA.AX,ASX,Australia
Autodom Limited,AIE.AX,ASX,Australia
Aircruising Australia Limited,AIG.AX,ASX,Australia
Asciano Limited,AIO.AX,ASX,Australia
Astivita Renewables Limited,AIR.AX,ASX,Australia
Activex Limited,AIV.AX,ASX,Australia
Australian-American,AIW.AX,ASX,Australia
Authorised Investment,AIY.AX,ASX,Australia
Air New Zealand Limited,AIZ.AX,ASX,Australia
Asian Centre for Liver,AJJ.AX,ASX,Australia
AJ Lucas Group Limited,AJL.AX,ASX,Australia
Altura Mining Ltd.,AJM.AX,ASX,Australia
Alexium International,AJX.AX,ASX,Australia
Australia Minerals,AKA.AX,ASX,Australia
Ask Funding Limited,AKF.AX,ASX,Australia
Austin Exploration,AKK.AX,ASX,Australia
Aspire Mining Ltd.,AKM.AX,ASX,Australia
Alkane Resources Ltd.,ALK.AX,ASX,Australia
Aristocrat Leisure Limited,ALL.AX,ASX,Australia
Alesco Corporation Limited,ALS.AX,ASX,Australia
Analytica Limited,ALT.AX,ASX,Australia
Altium Limited,ALU.AX,ASX,Australia
Alchemy Resources Limited,ALY.AX,ASX,Australia
Australand Property Group,ALZ.AX,ASX,Australia
AMA Group Ltd,AMA.AX,ASX,Australia
Ambition Group Limited,AMB.AX,ASX,Australia
Amcor Limited,AMC.AX,ASX,Australia
AMCIL Limited,AMH.AX,ASX,Australia
Amcom Telecom,AMM.AX,ASX,Australia
Ambertech Limited,AMO.AX,ASX,Australia
AMP Limited,AMP.AX,ASX,Australia
Advanced Surgical De,AMT.AX,ASX,Australia
Amadeus Energy Limited,AMU.AX,ASX,Australia
Ampella Mining Limited,AMX.AX,ASX,Australia
Austin Engineering Limited,ANG.AX,ASX,Australia
Magontec Ltd,ANM.AX,ASX,Australia
Ansell Limited,ANN.AX,ASX,Australia
Antaria Limited,ANO.AX,ASX,Australia
Antisense Therapeutics Limited,ANP.AX,ASX,Australia
AnaeCo Limited,ANQ.AX,ASX,Australia
ANZ Banking Group Ltd.,ANZ.AX,ASX,Australia
Ausmon Resources Limited,AOA.AX,ASX,Australia
Australian Oil Company Limited,AOC.AX,ASX,Australia
Austex Oil Limited,AOK.AX,ASX,Australia
Australia Oriental Minerals NL,AOM.AX,ASX,Australia
Apollo Minerals Limited,AON.AX,ASX,Australia
Apollo Consolidated Ltd,AOP.AX,ASX,Australia
APN Property Group Limited,APD.AX,ASX,Australia
AP Eagers Limited,APE.AX,ASX,Australia
Austpac Resources NL,APG.AX,ASX,Australia
Australian Pharmaceu,API.AX,ASX,Australia
Australian Power,APK.AX,ASX,Australia
APN News and Media Ltd.,APN.AX,ASX,Australia
APA Financial Services Ltd.,APP.AX,ASX,Australia
Aspen Group Ltd,APZ.AX,ASX,Australia
Aquila Resources Limited,AQA.AX,ASX,Australia
Ausquest Limited,AQD.AX,ASX,Australia
Aquarius Platinum Ltd,AQP.AX,ASX,Australia
Aphrodite Gold Limited,AQQ.AX,ASX,Australia
Aeon Metals Ltd,AQR.AX,ASX,Australia
Ariadne Australia Limited,ARA.AX,ASX,Australia
Argent Minerals Limited,ARD.AX,ASX,Australia
Argonaut Resources NL,ARE.AX,ASX,Australia
Argo Investments Limited,ARG.AX,ASX,Australia
Australasian Resources Limited,ARH.AX,ASX,Australia
Aurora Minerals Limited,ARM.AX,ASX,Australia
Astro Resources NL,ARO.AX,ASX,Australia
ARB Corporation Ltd,ARP.AX,ASX,Australia
Arafura Resources Ltd.,ARU.AX,ASX,Australia
Artemis Resources Limited,ARV.AX,ASX,Australia
Australian Renewable,ARW.AX,ASX,Australia
Arc Exploration Limited,ARX.AX,ASX,Australia
Austal Ltd,ASB.AX,ASX,Australia
Ausdrill Limited,ASL.AX,ASX,Australia
Aspermont Limited,ASP.AX,ASX,Australia
Advanced Share Registry Ltd.,ASW.AX,ASX,Australia
ASX Limited,ASX.AX,ASX,Australia
ASG Group Limited,ASZ.AX,ASX,Australia
Atlantic Ltd,ATI.AX,ASX,Australia
Sprintex Ltd,ATJ.AX,ASX,Australia
Ashburton Minerals Limited,ATN.AX,ASX,Australia
Atlas South Sea Pearl Limited,ATP.AX,ASX,Australia
Astron Limited,ATR.AX,ASX,Australia
Atlantic Gold NL,ATV.AX,ASX,Australia
Atlantic Gold NL,ATVCD.AX,ASX,Australia
Austbrokers Holdings Limited,AUB.AX,ASX,Australia
AusGold Limited,AUC.AX,ASX,Australia
Australian United,AUI.AX,ASX,Australia
Augur Resources Limited,AUK.AX,ASX,Australia
Alara Resources Limited,AUQ.AX,ASX,Australia
Aurora Oil & Gas Ltd.,AUT.AX,ASX,Australia
Australian Mines Limited,AUZ.AX,ASX,Australia
Aviva Corporation Limited,AVA.AX,ASX,Australia
Avanco Resources Limited,AVB.AX,ASX,Australia
Advance Energy Limited,AVD.AX,ASX,Australia
Australian Vintage Ltd.,AVG.AX,ASX,Australia
Avita Medical Ltd.,AVH.AX,ASX,Australia
Avalon Minerals Limited,AVI.AX,ASX,Australia
AVJennings Limited,AVJ.AX,ASX,Australia
Axiom Mining Limited,AVQ.AX,ASX,Australia
Avexa Limited,AVX.AX,ASX,Australia
Avonlea Minerals Limited,AVZ.AX,ASX,Australia
Alumina Ltd,AWC.AX,ASX,Australia
AWE Ltd.,AWE.AX,ASX,Australia
AXG Mining Limited,AXC.AX,ASX,Australia
Archer Exploration Limited,AXE.AX,ASX,Australia
Axiom Properties Limited,AXI.AX,ASX,Australia
Apex Minerals NL,AXM.AX,ASX,Australia
Argo Exploration Limited,AXT.AX,ASX,Australia
Amex Resources Limited,AXZ.AX,ASX,Australia
Alcyone Resources Ltd.,AYN.AX,ASX,Australia
Alloy Resources Limited,AYR.AX,ASX,Australia
Azumah Resources Limited,AZM.AX,ASX,Australia
Azure Minerals Limited,AZS.AX,ASX,Australia
Antares Energy Limited,AZZ.AX,ASX,Australia
Barra Resources Limited,BAR.AX,ASX,Australia
Bass Strait Oil Company Ltd.,BAS.AX,ASX,Australia
Bauxite Resources Limited,BAU.AX,ASX,Australia
Billabong Intl,BBG.AX,ASX,Australia
Brisbane Broncos Limited,BBL.AX,ASX,Australia
Buccaneer Energy Limited,BCC.AX,ASX,Australia
BCD Resources NL,BCD.AX,ASX,Australia
BC Iron Limited,BCI.AX,ASX,Australia
Beacon Minerals Limited,BCN.AX,ASX,Australia
BrisConnections Unit Trusts,BCS.AX,ASX,Australia
Blina Minerals NL,BDI.AX,ASX,Australia
Biodiem Ltd.,BDM.AX,ASX,Australia
Beadell Resources Limited,BDR.AX,ASX,Australia
Becton Property Group,BEC.AX,ASX,Australia
Bentley Capital Ltd.,BEL.AX,ASX,Australia
Bendigo And Adelaide Bank Ltd.,BEN.AX,ASX,Australia
Berklee Limited,BER.AX,ASX,Australia
Black Fire Minerals Ltd,BFE.AX,ASX,Australia
Bell Financial Group Limited,BFG.AX,ASX,Australia
Boulder Steel Limited,BGD.AX,ASX,Australia
Bigair Group Limited,BGL.AX,ASX,Australia
BHP Billiton Ltd,BHP.AX,ASX,Australia
Bisalloy Steel Group Ltd.,BIS.AX,ASX,Australia
Biotron Limited,BIT.AX,ASX,Australia
BKI Investment Co Ltd,BKI.AX,ASX,Australia
Blackmores Limited,BKL.AX,ASX,Australia
BKM Management Limited,BKM.AX,ASX,Australia
Bradken Limited,BKN.AX,ASX,Australia
Baraka Energy & Resources Ltd.,BKP.AX,ASX,Australia
Brickworks Ltd.,BKW.AX,ASX,Australia
Berkeley Resources Ltd,BKY.AX,ASX,Australia
Boral Limited,BLD.AX,ASX,Australia
Bluglass Limited,BLG.AX,ASX,Australia
Blackham Resources Limited,BLK.AX,ASX,Australia
Black Range Minerals Limited,BLR.AX,ASX,Australia
Benitec Biopharma Ltd,BLT.AX,ASX,Australia
Boart Longyear Ltd,BLY.AX,ASX,Australia
Blaze International Limited,BLZ.AX,ASX,Australia
Botswana Metals Limited,BML.AX,ASX,Australia
Bannerman Resources Limited,BMN.AX,ASX,Australia
Brumby Resources Ltd.,BMY.AX,ASX,Australia
Bandanna Energy Limited,BND.AX,ASX,Australia
Bone Medical Limited,BNE.AX,ASX,Australia
Bionomics Limited,BNO.AX,ASX,Australia
Brand New Vintage Limited,BNV.AX,ASX,Australia
Bougainville Copper Limited,BOC.AX,ASX,Australia
Boss Resources Ltd,BOE.AX,ASX,Australia
Boom Logistics Limited,BOL.AX,ASX,Australia
Bank of Queensland Ltd.,BOQ.AX,ASX,Australia
Byte Power Group Limited,BPG.AX,ASX,Australia
BPH Energy Limited,BPH.AX,ASX,Australia
Bremer Park Limited,BPK.AX,ASX,Australia
BioProspect Limited,BPO.AX,ASX,Australia
Beach Energy Ltd,BPT.AX,ASX,Australia
Brain Resource Limited,BRC.AX,ASX,Australia
Breville Group Ltd.,BRG.AX,ASX,Australia
Broad Investments Limited,BRO.AX,ASX,Australia
Buru Energy Limited,BRU.AX,ASX,Australia
Breakaway Resources Limited,BRW.AX,ASX,Australia
BSA Limited,BSA.AX,ASX,Australia
Base Resources Limited,BSE.AX,ASX,Australia
Beyond Sportswear,BSI.AX,ASX,Australia
BlueScope Steel Limited,BSL.AX,ASX,Australia
Bass Metals Ltd.,BSM.AX,ASX,Australia
Bisan Limited,BSN.AX,ASX,Australia
Bassari Resources Limited,BSR.AX,ASX,Australia
Biota Holdings Limited,BTA.AX,ASX,Australia
Blackthorn Resources Limited,BTR.AX,ASX,Australia
BT Investment Management Ltd.,BTT.AX,ASX,Australia
Bathurst Resources Limited,BTU.AX,ASX,Australia
Buderim Ginger Limited,BUG.AX,ASX,Australia
Blue Energy Limited,BUL.AX,ASX,Australia
Burleson Energy Limited,BUR.AX,ASX,Australia
Buxton Resources Limited,BUX.AX,ASX,Australia
Bounty Oil & Gas NL,BUY.AX,ASX,Australia
Bravura Solutions Limited,BVA.AX,ASX,Australia
Bowen Energy Limited,BWN.AX,ASX,Australia
Brambles Ltd,BXB.AX,ASX,Australia
Beyond International Limited,BYI.AX,ASX,Australia
Brierty Limited,BYL.AX,ASX,Australia
Burey Gold Limited,BYR.AX,ASX,Australia
Capral Limited,CAA.AX,ASX,Australia
Cabcharge Australia Limited,CAB.AX,ASX,Australia
Centrepoint Alliance Limited,CAF.AX,ASX,Australia
Evolution Mining Ltd,CAH.AX,ASX,Australia
Capitol Health Limited,CAJ.AX,ASX,Australia
Clime Capital Ltd.,CAM.AX,ASX,Australia
Carpentaria Explorat,CAP.AX,ASX,Australia
Cell Aquaculture Limited,CAQ.AX,ASX,Australia
Crusader Resources Limited,CAS.AX,ASX,Australia
Carnavale Resources Limited,CAV.AX,ASX,Australia
Canyon Resources Ltd.,CAY.AX,ASX,Australia
Cazaly Resources Limited,CAZ.AX,ASX,Australia
Commonwealth Bank of Australia,CBA.AX,ASX,Australia
Cordlife Limited,CBB.AX,ASX,Australia
CBD Energy Limited,CBD.AX,ASX,Australia
Cape Alumina Limited,CBX.AX,ASX,Australia
Invion Ltd,CBZ.AX,ASX,Australia
Continental Coal Ltd,CCC.AX,ASX,Australia
Carbon Conscious Limited,CCF.AX,ASX,Australia
CCK Financial Solutions,CCK.AX,ASX,Australia
Coca-Cola Amatil Limited,CCL.AX,ASX,Australia
Credit Corp Group Limited,CCP.AX,ASX,Australia
Cobar Consolidated,CCU.AX,ASX,Australia
Cash Converters Intl,CCV.AX,ASX,Australia
A1 Investments,CCY.AX,ASX,Australia
Codan Limited,CDA.AX,ASX,Australia
Cardno Limited,CDD.AX,ASX,Australia
Chongherr Investments Ltd.,CDH.AX,ASX,Australia
Challenger Diversifi,CDI.AX,ASX,Australia
Canada Land Limited,CDL.AX,ASX,Australia
Carindale Property Trust,CDP.AX,ASX,Australia
Castle Minerals Limited,CDT.AX,ASX,Australia
CuDeco Limited,CDU.AX,ASX,Australia
Cellmid Ltd.,CDY.AX,ASX,Australia
Draig Resources Ltd,CEO.AX,ASX,Australia
Coal Fe Resources Limited,CES.AX,ASX,Australia
Cape Lambert Resources Ltd,CFE.AX,ASX,Australia
Ceramic Fuel Cells Ltd,CFU.AX,ASX,Australia
Challenger Limited,CGF.AX,ASX,Australia
Consolidated Global,CGI.AX,ASX,Australia
Cougar Metals NL,CGM.AX,ASX,Australia
CPT Global Limited,CGO.AX,ASX,Australia
Cogstate Limited,CGS.AX,ASX,Australia
Castlemaine Goldfields Limited,CGT.AX,ASX,Australia
Citation Resources Ltd,CGV.AX,ASX,Australia
CGA Mining Limited,CGX.AX,ASX,Australia
Charter Hall Group,CHC.AX,ASX,Australia
Charter Pacific,CHF.AX,ASX,Australia
Kupang Resources Ltd,CHM.AX,ASX,Australia
Chalice Gold Mines Limited,CHN.AX,ASX,Australia
Chapmans Limited,CHP.AX,ASX,Australia
Chalmers Limited,CHR.AX,ASX,Australia
Chesser Resources Limited,CHZ.AX,ASX,Australia
Caspian Oil & Gas Limited,CIG.AX,ASX,Australia
CI Resources Limited,CII.AX,ASX,Australia
Carlton Investments Limited,CIN.AX,ASX,Australia
Circadian Technologies Limited,CIR.AX,ASX,Australia
Clime Investment,CIW.AX,ASX,Australia
Calliden Group Limited,CIX.AX,ASX,Australia
CVC Property Fund,CJT.AX,ASX,Australia
Coretrack Limited,CKK.AX,ASX,Australia
Colorpak Limited,CKL.AX,ASX,Australia
Collection House Limited,CLH.AX,ASX,Australia
Clough Limited,CLO.AX,ASX,Australia
Clean TeQ Holdings Limited,CLQ.AX,ASX,Australia
CL Asset Holdings Ltd.,CLS.AX,ASX,Australia
Cellnet Group Limited,CLT.AX,ASX,Australia
Clover Corporation Limited,CLV.AX,ASX,Australia
CTI Logistics Limited,CLX.AX,ASX,Australia
Clancy Exploration Ltd.,CLY.AX,ASX,Australia
Chandler Macleod Group Limited,CMG.AX,ASX,Australia
CMI Ltd.,CMI.AX,ASX,Australia
Consolidated Media,CMJ.AX,ASX,Australia
Compumedics Limited,CMP.AX,ASX,Australia
CMA Corporation Limited,CMV.AX,ASX,Australia
Cromwell Property Group,CMW.AX,ASX,Australia
Capital Mining Limited,CMY.AX,ASX,Australia
CIC Australia Ltd,CNB.AX,ASX,Australia
Clarius Group Limited,CND.AX,ASX,Australia
Cardia Bioplastics Ltd.,CNN.AX,ASX,Australia
Carbon Energy Limited,CNX.AX,ASX,Australia
Cooper Energy Limited,COE.AX,ASX,Australia
Coffey International Limited,COF.AX,ASX,Australia
Cochlear Limited,COH.AX,ASX,Australia
Comet Ridge Limited,COI.AX,ASX,Australia
Commstrat Limited,COJ.AX,ASX,Australia
Cockatoo Coal Limited,COK.AX,ASX,Australia
Comops Limited,COM.AX,ASX,Australia
Corum Group Limited,COO.AX,ASX,Australia
Coppermoly Limited,COY.AX,ASX,Australia
CO2 Group Limited,COZ.AX,ASX,Australia
ALS Ltd,CPB.AX,ASX,Australia
Coalspur Mines Ltd.,CPL.AX,ASX,Australia
Computronics Holdings Limited,CPS.AX,ASX,Australia
Computershare Limited,CPU.AX,ASX,Australia
Charter Hall Retail REIT,CQR.AX,ASX,Australia
Carbine Resources Limited,CRB.AX,ASX,Australia
Cortona Resources Limited,CRC.AX,ASX,Australia
Copper Range Limited,CRJ.AX,ASX,Australia
Carrick Gold Limited,CRK.AX,ASX,Australia
Comet Resources Limited,CRL.AX,ASX,Australia
Carbon Minerals Limited,CRM.AX,ASX,Australia
Carsales.com Limited,CRZ.AX,ASX,Australia
Consolidated Tin Mines Limited,CSD.AX,ASX,Australia
Copper Strike Ltd.,CSE.AX,ASX,Australia
CSL Limited,CSL.AX,ASX,Australia
Clean Seas Tuna Limited,CSS.AX,ASX,Australia
CSG Limited,CSV.AX,ASX,Australia
Cryosite Limited,CTE.AX,ASX,Australia
Centaurus Metals Ltd.,CTM.AX,ASX,Australia
Citigold Corporation Limited,CTO.AX,ASX,Australia
Central Petroleum Limited,CTP.AX,ASX,Australia
Caltex Australia Limited,CTX.AX,ASX,Australia
Country Road Limited,CTY.AX,ASX,Australia
Cue Energy Resources Limited,CUE.AX,ASX,Australia
Cullen Resources Limited,CUL.AX,ASX,Australia
Callabonna Uranium Ltd.,CUU.AX,ASX,Australia
Clinuvel Pharmaceuticals Ltd.,CUV.AX,ASX,Australia
Crossland Uranium Mi,CUX.AX,ASX,Australia
CVC Limited,CVC.AX,ASX,Australia
Convergent Minerals Ltd,CVG.AX,ASX,Australia
Carnarvon Petroleum Limited,CVN.AX,ASX,Australia
Central Asia Resources Limited,CVR.AX,ASX,Australia
Cervantes Corporation Limited,CVS.AX,ASX,Australia
ClearView Wealth Ltd.,CVW.AX,ASX,Australia
Coventry Resources Limited,CVY.AX,ASX,Australia
Carnegie Wave Energy Ltd.,CWE.AX,ASX,Australia
Central West Gold NL,CWG.AX,ASX,Australia
CWH Resources Ltd.,CWH.AX,ASX,Australia
Crown Ltd,CWN.AX,ASX,Australia
Cedar Woods Properties Limited,CWP.AX,ASX,Australia
Cathrx Ltd.,CXD.AX,ASX,Australia
Centrex Metals Limited,CXM.AX,ASX,Australia
Core Services Group Ltd,CXN.AX,ASX,Australia
Cauldron Energy Ltd,CXU.AX,ASX,Australia
Cougar Energy Limited,CXY.AX,ASX,Australia
Cyclopharm Limited,CYC.AX,ASX,Australia
Boston Trust & Walden Funds,CYG.AX,ASX,Australia
Catalyst Metals Limited,CYL.AX,ASX,Australia
Chrysalis Resources Limited,CYS.AX,ASX,Australia
Chinalco Yunnan Copper,CYU.AX,ASX,Australia
Coal of Africa Ltd,CZA.AX,ASX,Australia
Calzada Ltd.,CZD.AX,ASX,Australia
Coziron Resources Limited,CZR.AX,ASX,Australia
Dampier Gold Ltd.,DAU.AX,ASX,Australia
Decmil Group Ltd,DCG.AX,ASX,Australia
3D Resources Limited,DDD.AX,ASX,Australia
DataDot Technology Limited,DDT.AX,ASX,Australia
De Grey Mining Limited,DEG.AX,ASX,Australia
Desane Group Holdings Limited,DGH.AX,ASX,Australia
Drummond Gold Limited,DGO.AX,ASX,Australia
DGR Global Ltd,DGR.AX,ASX,Australia
Diploma Group Limited,DGX.AX,ASX,Australia
David Jones Limited,DJS.AX,ASX,Australia
Djerriwarrh Investments Ltd.,DJW.AX,ASX,Australia
Dragon Energy Ltd,DLE.AX,ASX,Australia
Drillsearch Energy Limited,DLS.AX,ASX,Australia
Dynasty Metals,DMA.AX,ASX,Australia
Dragon Mountain Gold Limited,DMG.AX,ASX,Australia
Discovery Metals Limited,DML.AX,ASX,Australia
NuWorld Solutions Limited,DMN.AX,ASX,Australia
Domino's Pizza Enter,DMP.AX,ASX,Australia
Dolomatrix,DMX.AX,ASX,Australia
Dromana Estate Limited,DMY.AX,ASX,Australia
Downer EDI Limited,DOW.AX,ASX,Australia
Dragon Mining Limited,DRA.AX,ASX,Australia
Drake Resources Limited,DRK.AX,ASX,Australia
Doray Minerals Limited,DRM.AX,ASX,Australia
Diatreme Resources Limited,DRX.AX,ASX,Australia
Desert Mines and Metals,DSN.AX,ASX,Australia
DSQ Holdings Ltd,DSQ.AX,ASX,Australia
Data3 Limited,DTL.AX,ASX,Australia
Dart Mining NL,DTM.AX,ASX,Australia
DUET Group,DUE.AX,ASX,Australia
Diversified United I,DUI.AX,ASX,Australia
Energy Technologies Limited,DUL.AX,ASX,Australia
Duorado Resources Limited,DUO.AX,ASX,Australia
Diversa Limited,DVA.AX,ASX,Australia
Devine Limited,DVN.AX,ASX,Australia
DWS Ltd,DWS.AX,ASX,Australia
Deutsche Office Trust,DXS.AX,ASX,Australia
Dyesol Ltd,DYE.AX,ASX,Australia
Deep Yellow Limited,DYL.AX,ASX,Australia
E & A Ltd,EAL.AX,ASX,Australia
Echo Resources Limited,EAR.AX,ASX,Australia
Eumundi Group Limited,EBG.AX,ASX,Australia
eBet Ltd,EBT.AX,ASX,Australia
Global Strategic Metals NL,ECM.AX,ASX,Australia
Eco Quest Limited,ECQ.AX,ASX,Australia
ECSI Limited,ECS.AX,ASX,Australia
Eden Energy Limited,EDE.AX,ASX,Australia
Stratos Resources Ltd,EDM.AX,ASX,Australia
Hughes Drilling Ltd,EDS.AX,ASX,Australia
East Energy Resources Limited,EER.AX,ASX,Australia
Eastern Iron Limited,EFE.AX,ASX,Australia
Eftel Limited,EFT.AX,ASX,Australia
Environmental Group,EGL.AX,ASX,Australia
Empire Oil & Gas NL,EGO.AX,ASX,Australia
Emeco Holdings Limited,EHL.AX,ASX,Australia
Energio Ltd.,EIO.AX,ASX,Australia
Elders Limited,ELD.AX,ASX,Australia
ELK Petroleum Limited,ELK.AX,ASX,Australia
Elemental Minerals Limited,ELM.AX,ASX,Australia
Elementos Ltd.,ELT.AX,ASX,Australia
Ellex Medical Lasers Limited,ELX.AX,ASX,Australia
Energy and Minerals,EMA.AX,ASX,Australia
Embelton Limited,EMB.AX,ASX,Australia
Energy Metals Limited,EME.AX,ASX,Australia
Emergent Resources Limited,EMG.AX,ASX,Australia
Electrometals Techno,EMM.AX,ASX,Australia
Emerald Oil & Gas NL,EMR.AX,ASX,Australia
Eastland Medical Systems Ltd.,EMS.AX,ASX,Australia
Emu Nickel Limited,EMU.AX,ASX,Australia
Eneabba Gas Limited,ENB.AX,ASX,Australia
Energy Developments Limited,ENE.AX,ASX,Australia
Eagle Nickel Limited,ENL.AX,ASX,Australia
Encounter Resources Ltd.,ENR.AX,ASX,Australia
Enterprise Metals Limited,ENT.AX,ASX,Australia
Envestra Limited,ENV.AX,ASX,Australia
Endocoal Ltd.,EOC.AX,ASX,Australia
Energy One Limited,EOL.AX,ASX,Australia
Electro Optic Systems,EOS.AX,ASX,Australia
Empired Ltd.,EPD.AX,ASX,Australia
European Gas Limited,EPG.AX,ASX,Australia
E-pay Asia Limited,EPY.AX,ASX,Australia
Easton Investments Ltd,EQF.AX,ASX,Australia
Equity Trustees Limited,EQT.AX,ASX,Australia
Equatorial Resources Ltd.,EQX.AX,ASX,Australia
Energy Resources,ERA.AX,ASX,Australia
World Oil Resources Ltd,ERH.AX,ASX,Australia
Enerji Ltd,ERJ.AX,ASX,Australia
Empire Resources Limited,ERL.AX,ASX,Australia
Emmerson Resources Limited,ERM.AX,ASX,Australia
Erongo Energy Limited,ERN.AX,ASX,Australia
ERO Mining Ltd,ERO.AX,ASX,Australia
Environmental Clean,ESI.AX,ASX,Australia
Esperance Minerals Ltd.,ESM.AX,ASX,Australia
Entellect Solutions Limited,ESN.AX,ASX,Australia
eServGlobal Ltd,ESV.AX,ASX,Australia
OTOC Ltd,ESW.AX,ASX,Australia
Entek Energy Ltd.,ETE.AX,ASX,Australia
Eurogold Limited,EUG.AX,ASX,Australia
Energy Ventures Limited,EVE.AX,ASX,Australia
PanTerra Gold Limited,EVG.AX,ASX,Australia
EnviroMission Limited,EVM.AX,ASX,Australia
EVZ Ltd,EVZ.AX,ASX,Australia
Energy World Corporation Ltd.,EWC.AX,ASX,Australia
Excela Ltd.,EXA.AX,ASX,Australia
Exoma Energy Limited,EXE.AX,ASX,Australia
Excelsior Gold Limited,EXG.AX,ASX,Australia
Excalibur Mining,EXM.AX,ASX,Australia
Elixir Petroleum Limited,EXR.AX,ASX,Australia
Exco Resources Ltd,EXS.AX,ASX,Australia
Birimian Gold Ltd,EYE.AX,ASX,Australia
Ezenet Limited,EZE.AX,ASX,Australia
Euroz Limited,EZL.AX,ASX,Australia
Facilitate Digital H,FAC.AX,ASX,Australia
Fantastic Holdings Limited,FAN.AX,ASX,Australia
FAR Ltd,FAR.AX,ASX,Australia
Fairstar Resources Limited,FAS.AX,ASX,Australia
Fletcher Building Ltd.,FBU.AX,ASX,Australia
Falcon Minerals Limited,FCN.AX,ASX,Australia
Ferrum Crescent Ltd,FCR.AX,ASX,Australia
MaxSec Group Ltd,FCS.AX,ASX,Australia
Fe Ltd.,FEL.AX,ASX,Australia
Tempo Australia Limited,FER.AX,ASX,Australia
Firstfolio Limited,FFF.AX,ASX,Australia
FFI Holdings Limited,FFI.AX,ASX,Australia
Forge Group Limited,FGE.AX,ASX,Australia
Flat Glass Industries Limited,FGI.AX,ASX,Australia
Fission Energy Limited,FIS.AX,ASX,Australia
FKP Property Group,FKP.AX,ASX,Australia
Folkestone Limited,FLK.AX,ASX,Australia
Frankland River Oliv,FLR.AX,ASX,Australia
Lamboo Resources Ltd,FLS.AX,ASX,Australia
Flight Centre Limited,FLT.AX,ASX,Australia
Fortescue Metals Group Ltd,FMG.AX,ASX,Australia
Focus Minerals Limited,FML.AX,ASX,Australia
Flinders Mines Limited,FMS.AX,ASX,Australia
Finders Resources Limited,FND.AX,ASX,Australia
Freedom Nutritional,FNP.AX,ASX,Australia
Frontier Resources Limited,FNT.AX,ASX,Australia
Fisher & Paykel Appl,FPA.AX,ASX,Australia
Forest Place Group Limited,FPG.AX,ASX,Australia
Fisher & Paykel Heal,FPH.AX,ASX,Australia
Fiducian Portfolio,FPS.AX,ASX,Australia
Freshtel Holdings Limited,FRE.AX,ASX,Australia
Finbar Group Limited,FRI.AX,ASX,Australia
Farm Pride Foods Limited,FRM.AX,ASX,Australia
FRR Corp Ltd,FRR.AX,ASX,Australia
FSA Group Limited,FSA.AX,ASX,Australia
Firestone Energy Limited,FSE.AX,ASX,Australia
Forte Energy NL,FTE.AX,ASX,Australia
Funtastic Limited,FUN.AX,ASX,Australia
Fleetwood Corporation Limited,FWD.AX,ASX,Australia
Ferrowest Limited,FWL.AX,ASX,Australia
Fairfax Media Ltd.,FXJ.AX,ASX,Australia
FlexiGroup Limited,FXL.AX,ASX,Australia
Fox Resources Limited,FXR.AX,ASX,Australia
FYI Resources Ltd.,FYI.AX,ASX,Australia
Gale Pacific Limited,GAP.AX,ASX,Australia
Grandbridge Limited,GBA.AX,ASX,Australia
Globe Metals & Mining Limited,GBE.AX,ASX,Australia
Gindalbie Metals Ltd.,GBG.AX,ASX,Australia
Genera Biosystems Limited,GBI.AX,ASX,Australia
GBM Gold Ltd,GBM.AX,ASX,Australia
Global Petroleum Ltd,GBP.AX,ASX,Australia
GBST Holdings Limited,GBT.AX,ASX,Australia
GB Energy Limited,GBX.AX,ASX,Australia
GBM Resources Limited,GBZ.AX,ASX,Australia
Greencap Limited,GCG.AX,ASX,Australia
GoConnect Limited,GCN.AX,ASX,Australia
Golden Cross Resources Limited,GCR.AX,ASX,Australia
Global Construction,GCS.AX,ASX,Australia
Gascoyne Resources Limited,GCY.AX,ASX,Australia
Gondwana Resources Limited,GDA.AX,ASX,Australia
Aleator Energy Limited,GDN.AX,ASX,Australia
Gold One International Limited,GDO.AX,ASX,Australia
Geodynamics Limited,GDY.AX,ASX,Australia
Golden Deeps Limited,GED.AX,ASX,Australia
G8 Education Limited,GEM.AX,ASX,Australia
Genesis R&D,GEN.AX,ASX,Australia
Greenearth Energy Limited,GER.AX,ASX,Australia
Genesis Resources Limited,GES.AX,ASX,Australia
Goodman Fielder Limited,GFF.AX,ASX,Australia
Grand Gulf Energy Ltd.,GGE.AX,ASX,Australia
Greenland Minerals,GGG.AX,ASX,Australia
Global Gold Holdings Limited,GGH.AX,ASX,Australia
Golden Gate Petroleum Ltd,GGP.AX,ASX,Australia
Gas2Grid Limited,GGX.AX,ASX,Australia
Gippsland Limited,GIP.AX,ASX,Australia
Gladiator Resources Limited,GLA.AX,ASX,Australia
Globe International Ltd.,GLB.AX,ASX,Australia
GLG Corp Ltd.,GLE.AX,ASX,Australia
Gulf Industrials Ltd.,GLF.AX,ASX,Australia
Gerard Lighting Group Limited,GLG.AX,ASX,Australia
Global Health Limited,GLH.AX,ASX,Australia
Galilee Energy Ltd.,GLL.AX,ASX,Australia
Gulf Mines Limited,GLM.AX,ASX,Australia
Gleneagle Gold Limited,GLN.AX,ASX,Australia
Genesis Minerals Limited,GMD.AX,ASX,Australia
GME Resources Ltd.,GME.AX,ASX,Australia
Goodman Group,GMG.AX,ASX,Australia
Global Mining,GMI.AX,ASX,Australia
Gateway Mining Limited,GML.AX,ASX,Australia
General Mining Corpo,GMM.AX,ASX,Australia
Golden Rim Resources Ltd.,GMR.AX,ASX,Australia
Goldminex Resources Limited,GMX.AX,ASX,Australia
Graincorp Limited,GNC.AX,ASX,Australia
Global Nickel Investments NL,GNI.AX,ASX,Australia
Gujarat NRE Coking Coal Ltd,GNM.AX,ASX,Australia
Green Invest Limited,GNV.AX,ASX,Australia
Gold Aura Limited,GOA.AX,ASX,Australia
Northern Manganese Ltd,GOT.AX,ASX,Australia
Gowing Brothers Ltd.,GOW.AX,ASX,Australia
Guinness Peat Group PLC,GPG.AX,ASX,Australia
Greenpower Energy Limited,GPP.AX,ASX,Australia
GPT Group,GPT.AX,ASX,Australia
Gage Road Brewing Co Ltd,GRB.AX,ASX,Australia
Global Resource Mast,GRF.AX,ASX,Australia
Green Rock Energy Ltd.,GRK.AX,ASX,Australia
Grange Resources Limited,GRR.AX,ASX,Australia
Greenvale Mining NL,GRV.AX,ASX,Australia
Gryphon Minerals Limited,GRY.AX,ASX,Australia
Global Geoscience Limited,GSC.AX,ASX,Australia
Goldsearch Limited,GSE.AX,ASX,Australia
Great Western Explor,GTE.AX,ASX,Australia
Genetic Technologies Limited,GTG.AX,ASX,Australia
GTI Resources Limited,GTR.AX,ASX,Australia
GUD Holdings Limited,GUD.AX,ASX,Australia
Gullewa Limited,GUL.AX,ASX,Australia
Gunson Resources Limited,GUN.AX,ASX,Australia
Golden West Resources Limited,GWR.AX,ASX,Australia
Greencross Limited,GXL.AX,ASX,Australia
Galaxy Resources Limited,GXY.AX,ASX,Australia
Gazal Corporation Limited,GZL.AX,ASX,Australia
Haoma Mining NL,HAO.AX,ASX,Australia
Havilah Resources NL,HAV.AX,ASX,Australia
Hawthorn Resources Limited,HAW.AX,ASX,Australia
Consegna Group Limited,HCG.AX,ASX,Australia
Hot Chili Limited,HCH.AX,ASX,Australia
Hodges Resources Limited,HDG.AX,ASX,Australia
Hill End Gold Limited,HEG.AX,ASX,Australia
Hemisphere Resources Limited,HEM.AX,ASX,Australia
HFA Holdings Limited,HFA.AX,ASX,Australia
Henderson Group PLC,HGG.AX,ASX,Australia
Hudson Investment Gr,HGL.AX,ASX,Australia
Hillgrove Resources Limited,HGO.AX,ASX,Australia
Hunter Hall Int.,HHL.AX,ASX,Australia
Hampton Hill Mining NL,HHM.AX,ASX,Australia
Highlands Pacific Ltd,HIG.AX,ASX,Australia
Hire Intelligence,HII.AX,ASX,Australia
Hills Holdings Limited,HIL.AX,ASX,Australia
Heartware International, Inc.,HIN.AX,ASX,Australia
HiTech Group Australia Limited,HIT.AX,ASX,Australia
Hamilton James & Bruce,HJB.AX,ASX,Australia
Hillcrest Litigation,HLS.AX,ASX,Australia
Helix Resources Limited,HLX.AX,ASX,Australia
HGL Limited,HNG.AX,ASX,Australia
Hannans Reward Limited,HNR.AX,ASX,Australia
Hawkley Oil and Gas Limited,HOG.AX,ASX,Australia
Homeloans Limited,HOM.AX,ASX,Australia
Hot Rock Limited,HRL.AX,ASX,Australia
Heron Resources Limited,HRR.AX,ASX,Australia
Hudson Resources Limited,HRS.AX,ASX,Australia
Heemskirk Consolidated Limited,HSK.AX,ASX,Australia
Hansen Technologies Limited,HSN.AX,ASX,Australia
Hutchison,HTA.AX,ASX,Australia
Hydrotech Internatio,HTI.AX,ASX,Australia
New Talisman Gold Mines Ltd,HTM.AX,ASX,Australia
Healthlinx Limited,HTX.AX,ASX,Australia
Humanis Group Ltd.,HUM.AX,ASX,Australia
Harvey Norman Holdings Ltd.,HVN.AX,ASX,Australia
Hyro Limited,HYO.AX,ASX,Australia
Horizon Oil Limited,HZN.AX,ASX,Australia
Insurance Australia,IAG.AX,ASX,Australia
Intrepid Mines Ltd,IAU.AX,ASX,Australia
Integrated Legal Hol,IAW.AX,ASX,Australia
Ironbark Zinc Ltd,IBG.AX,ASX,Australia
Icon Energy Limited,ICN.AX,ASX,Australia
Icash Payment Systems Limited,ICP.AX,ASX,Australia
ICSGlobal Limited,ICS.AX,ASX,Australia
Industrea Ltd,IDL.AX,ASX,Australia
IDM International Ltd,IDM.AX,ASX,Australia
Indo Mines Limited,IDO.AX,ASX,Australia
IDT Australia Limited,IDT.AX,ASX,Australia
IEF Real Estate,IEF.AX,ASX,Australia
Ironclad Mining Limited,IFE.AX,ASX,Australia
IOOF Holdings Limited,IFL.AX,ASX,Australia
Infomedia Limited,IFM.AX,ASX,Australia
Infigen Energy,IFN.AX,ASX,Australia
IFS Construction Services Ltd.,IFS.AX,ASX,Australia
Independence Group NL,IGO.AX,ASX,Australia
Integra Mining Limited,IGR.AX,ASX,Australia
Generation Healthcare REIT,IHF.AX,ASX,Australia
Carbine Tungsten Ltd,III.AX,ASX,Australia
iiNET Limited,IIN.AX,ASX,Australia
Ingenia Communities Group,ILF.AX,ASX,Australia
Iluka Resources Limited,ILU.AX,ASX,Australia
Image Resources NL,IMA.AX,ASX,Australia
Immuron Limited,IMC.AX,ASX,Australia
Imdex Limited,IMD.AX,ASX,Australia
IMF (Australia) Ltd.,IMF.AX,ASX,Australia
IM Medical Ltd.,IMI.AX,ASX,Australia
Imugene Limited,IMU.AX,ASX,Australia
Intec Ltd.,INL.AX,ASX,Australia
Acer Energy Ltd,INP.AX,ASX,Australia
InvestorFirst Ltd,INQ.AX,ASX,Australia
Intermoco Limited,INT.AX,ASX,Australia
Investa Office Fund,IOF.AX,ASX,Australia
Iron Ore Holdings Limited,IOH.AX,ASX,Australia
ImpediMed Limited,IPD.AX,ASX,Australia
Incitec Pivot Limited,IPL.AX,ASX,Australia
iProperty Group Ltd,IPP.AX,ASX,Australia
Ipernica Limited,IPR.AX,ASX,Australia
Impact Minerals Limited,IPT.AX,ASX,Australia
Intermin Resources Limited,IRC.AX,ASX,Australia
Iron Road Limited,IRD.AX,ASX,Australia
IRESS Limited,IRE.AX,ASX,Australia
Integrated Resources,IRG.AX,ASX,Australia
Integrated Research Limited,IRI.AX,ASX,Australia
India Resources Limited,IRL.AX,ASX,Australia
Iron Mountain Mining Limited,IRM.AX,ASX,Australia
Indophil Resources NL,IRN.AX,ASX,Australia
Island Sky Australia Limited,ISK.AX,ASX,Australia
ISS Group Limited,ISS.AX,ASX,Australia
ITL Limited,ITD.AX,ASX,Australia
Intermet Resources Limited,ITT.AX,ASX,Australia
Ivanhoe Australia Limited,IVA.AX,ASX,Australia
InvoCare Limited,IVC.AX,ASX,Australia
Inventis Limited,IVT.AX,ASX,Australia
IMX Resources Limited,IXR.AX,ASX,Australia
Jaguar Minerals Limited,JAG.AX,ASX,Australia
Jameson Resources Limited,JAL.AX,ASX,Australia
Jatenergy Ltd,JAT.AX,ASX,Australia
JB Hi Fi Limited,JBH.AX,ASX,Australia
Jetset Travelworld Ltd.,JET.AX,ASX,Australia
James Hardie Industries SE,JHX.AX,ASX,Australia
Jacka Resources Limited,JKA.AX,ASX,Australia
Jumbuck Entertainment,JMB.AX,ASX,Australia
Jupiter Mines Limited,JMS.AX,ASX,Australia
Jupiter Energy Ltd,JPR.AX,ASX,Australia
Jindalee Resources Limited,JRL.AX,ASX,Australia
Jervois Mining Limited,JRV.AX,ASX,Australia
JV Global Limited,JVG.AX,ASX,Australia
Joyce Corporation Limited,JYC.AX,ASX,Australia
K2 Asset Management,KAM.AX,ASX,Australia
Karoon Gas Australia Ltd.,KAR.AX,ASX,Australia
Kasbah Resources Limited,KAS.AX,ASX,Australia
Katana Capital Limited,KAT.AX,ASX,Australia
Keybridge Capital Limited,KBC.AX,ASX,Australia
KBL Mining Ltd,KBL.AX,ASX,Australia
Kingsgate Consolidated Limited,KCN.AX,ASX,Australia
KUTh Energy Limited,KEN.AX,ASX,Australia
Key Petroleum Limited,KEY.AX,ASX,Australia
Kentor Gold Limited,KGL.AX,ASX,Australia
Kairiki Energy Limited,KIK.AX,ASX,Australia
King Island Scheelilte Limited,KIS.AX,ASX,Australia
Konekt Limited,KKT.AX,ASX,Australia
Kip McGrath,KME.AX,ASX,Australia
Koon Holdings Limited,KNH.AX,ASX,Australia
Kilgore Oil & Gas Limited,KOG.AX,ASX,Australia
Korab Resources Limited,KOR.AX,ASX,Australia
Korvest Limited,KOV.AX,ASX,Australia
Krucible Metals Limited,KRB.AX,ASX,Australia
Kangaroo Resources Ltd.,KRL.AX,ASX,Australia
Kingrose Mining Limited,KRM.AX,ASX,Australia
Kresta Holdings Limited,KRS.AX,ASX,Australia
K&S,KSC.AX,ASX,Australia
King Solomon Mines Limited,KSO.AX,ASX,Australia
ISonea Ltd,KSX.AX,ASX,Australia
K2 Energy Limited,KTE.AX,ASX,Australia
KTL Technologies Limited,KTL.AX,ASX,Australia
Latin Gold Limited,LAT.AX,ASX,Australia
Lindsay Australia Limited,LAU.AX,ASX,Australia
Laserbond Limited,LBL.AX,ASX,Australia
Labtech Systems Ltd.,LBT.AX,ASX,Australia
Liberty Resources Ltd,LBY.AX,ASX,Australia
London City Equities Limited,LCE.AX,ASX,Australia
Logicamms Limited,LCM.AX,ASX,Australia
Laconia Resources Limited,LCR.AX,ASX,Australia
Living Cell,LCT.AX,ASX,Australia
Legacy Iron Ore Limited,LCY.AX,ASX,Australia
Legend Mining Limited,LEG.AX,ASX,Australia
Leighton Holdings Limited,LEI.AX,ASX,Australia
ALE Property Group,LEP.AX,ASX,Australia
Legend Corporation Limited,LGD.AX,ASX,Australia
Longreach Oil Limited,LGO.AX,ASX,Australia
Lifestyle Communities Limited,LIC.AX,ASX,Australia
Lindian Resources Limited,LIN.AX,ASX,Australia
Lion Energy Limited,LIO.AX,ASX,Australia
Lake Resources NL,LKE.AX,ASX,Australia
Lakes Oil NL,LKO.AX,ASX,Australia
Lend Lease Corporation Limited,LLC.AX,ASX,Australia
Lemarne Corporation Limited,LMC.AX,ASX,Australia
L&M,LME.AX,ASX,Australia
Latrobe Magnesium Limited,LMG.AX,ASX,Australia
Lincoln Minerals Limited,LML.AX,ASX,Australia
Landmark White Limited,LMW.AX,ASX,Australia
Linc Energy Ltd.,LNC.AX,ASX,Australia
Liquefied Natural Gas Limited,LNG.AX,ASX,Australia
Lonrho Mining Limited,LOM.AX,ASX,Australia
Longreach Group Limited,LRG.AX,ASX,Australia
Leyshon Resources Ltd,LRL.AX,ASX,Australia
Lachlan Star Limited,LSA.AX,ASX,Australia
Lodestar Minerals Limited,LSR.AX,ASX,Australia
Liontown Resources Limited,LTR.AX,ASX,Australia
Little World Beverages Limited,LWB.AX,ASX,Australia
Lynas Corporation Ltd.,LYC.AX,ASX,Australia
Lycopodium Limited,LYL.AX,ASX,Australia
Mamba Minerals Limited,MAB.AX,ASX,Australia
Macro Corporation Limited,MAC.AX,ASX,Australia
Macmahon Holdings Limited,MAH.AX,ASX,Australia
Minemakers Ltd.,MAK.AX,ASX,Australia
Macquarie Telecom Gr,MAQ.AX,ASX,Australia
Malachite Resources Ltd,MAR.AX,ASX,Australia
Mesa Minerals Ltd.,MAS.AX,ASX,Australia
Matsa Resources Limited,MAT.AX,ASX,Australia
Magnetic Resources NL,MAU.AX,ASX,Australia
Magnetic Resources NL,MAUCA.AX,ASX,Australia
Marbletrend Group Limited,MBD.AX,ASX,Australia
Mirabela Nickel Limited,MBN.AX,ASX,Australia
Mission NewEnergy Ltd,MBT.AX,ASX,Australia
Matrix Composites &,MCE.AX,ASX,Australia
Murchison Holdings Limited,MCH.AX,ASX,Australia
McPherson's Limited,MCP.AX,ASX,Australia
Mincor Resources NL,MCR.AX,ASX,Australia
Mariner Corporation Ltd.,MCX.AX,ASX,Australia
Sprint Energy Limited,MDA.AX,ASX,Australia
Medtech Global Limited,MDG.AX,ASX,Australia
Mineral Deposits Limited,MDL.AX,ASX,Australia
Midas Resources Limited,MDS.AX,ASX,Australia
Medivac Limited,MDV.AX,ASX,Australia
Mindax Limited,MDX.AX,ASX,Australia
MCM Entertainment Gr,MEG.AX,ASX,Australia
Meteoric Resources NL,MEI.AX,ASX,Australia
Meteoric Resources NL,MEICA.AX,ASX,Australia
Metgasco Limited,MEL.AX,ASX,Australia
MEO Australia Limited,MEO.AX,ASX,Australia
Minotaur Exploration Limited,MEP.AX,ASX,Australia
Mesbon China Nylon Limited,MES.AX,ASX,Australia
Orbis Gold Ltd,MET.AX,ASX,Australia
Marmota Energy Limited,MEU.AX,ASX,Australia
Marenica Energy Ltd.,MEY.AX,ASX,Australia
Metals Finance Ltd,MFC.AX,ASX,Australia
Magellan Financial Group Ltd,MFG.AX,ASX,Australia
Foyson Resources Limited,MGK.AX,ASX,Australia
Magellan Petroleum Corporation,MGN.AX,ASX,Australia
Marengo Mining Limited,MGO.AX,ASX,Australia
Mirvac Group,MGR.AX,ASX,Australia
Magnum Mining and Ex,MGU.AX,ASX,Australia
Mount Gibson Iron Limited,MGX.AX,ASX,Australia
Malagasy Minerals Limited,MGY.AX,ASX,Australia
Medigard Limited,MGZ.AX,ASX,Australia
Manhattan Corporation Limited,MHC.AX,ASX,Australia
Merchant House Inter,MHI.AX,ASX,Australia
Orca Energy Ltd,MHL.AX,ASX,Australia
MHM Metals Limited,MHM.AX,ASX,Australia
Kollakorn Corporation Ltd,MIK.AX,ASX,Australia
Mineral Resources Limited,MIN.AX,ASX,Australia
Miclyn Express Offsh,MIO.AX,ASX,Australia
Mirrabooka Investments Limited,MIR.AX,ASX,Australia
Mirvac Industrial Trust,MIX.AX,ASX,Australia
MOKO.mobi Limited,MKB.AX,ASX,Australia
Metaliko Resources Limited,MKO.AX,ASX,Australia
Medical Australia Ltd.,MLA.AX,ASX,Australia
Melbourne IT Limited,MLB.AX,ASX,Australia
Mintails Limited,MLI.AX,ASX,Australia
Metallica Minerals Limited,MLM.AX,ASX,Australia
Metals Australia Ltd.,MLS.AX,ASX,Australia
Milton Corporation Limited,MLT.AX,ASX,Australia
Metals X Limited,MLX.AX,ASX,Australia
Medusa Mining Ltd,MML.AX,ASX,Australia
MEC Resources Limited,MMR.AX,ASX,Australia
McMillan Shakespeare Limited,MMS.AX,ASX,Australia
Murchison Metals Ltd.,MMX.AX,ASX,Australia
Mooter Media Limited,MMZ.AX,ASX,Australia
Metminco Ltd,MNC.AX,ASX,Australia
Monadelphous Group Limited,MND.AX,ASX,Australia
My Net Fone Limited,MNF.AX,ASX,Australia
Mantle Mining Corpor,MNM.AX,ASX,Australia
Mint Wireless Limited,MNW.AX,ASX,Australia
Money3 Corporation Limited,MNY.AX,ASX,Australia
Mnet Group Ltd.,MNZ.AX,ASX,Australia
Mortgage Choice Limited,MOC.AX,ASX,Australia
MOD Resources Ltd,MOD.AX,ASX,Australia
Moby Oil & Gas Ltd.,MOG.AX,ASX,Australia
Moly Mines Limited,MOL.AX,ASX,Australia
Monto Minerals Ltd.,MOO.AX,ASX,Australia
Monax Mining Limited,MOX.AX,ASX,Australia
Millennium Minerals Limited,MOY.AX,ASX,Australia
Mining Projects Group Limited,MPJ.AX,ASX,Australia
Molopo Energy Ltd,MPO.AX,ASX,Australia
Macquarie Atlas Roads Group,MQA.AX,ASX,Australia
Macquarie Group Ltd.,MQGCD.AX,ASX,Australia
Mineral Commodities Ltd.,MRC.AX,ASX,Australia
Mermaid Marine Austr,MRM.AX,ASX,Australia
Macquarie Radio Netw,MRN.AX,ASX,Australia
Matrix Metals Limited,MRX.AX,ASX,Australia
Monteray Mining Group Ltd,MRY.AX,ASX,Australia
Mesoblast Ltd.,MSB.AX,ASX,Australia
Minerals Corporation Limited,MSC.AX,ASX,Australia
Multistack International,MSI.AX,ASX,Australia
Manas Resources Limited,MSR.AX,ASX,Australia
Metal Storm Limited,MST.AX,ASX,Australia
Mount Burgess Mining NL,MTB.AX,ASX,Australia
Metroland Australia Limited,MTD.AX,ASX,Australia
Metrocoal Limited,MTE.AX,ASX,Australia
Mithril Resources Limited,MTH.AX,ASX,Australia
Montec International Limited,MTI.AX,ASX,Australia
Marathon Resources Limited,MTN.AX,ASX,Australia
Metcash Limited,MTSCD.AX,ASX,Australia
M2 Telecommunication,MTU.AX,ASX,Australia
Media Group International Ltd.,MUI.AX,ASX,Australia
Mount Magnet South NL,MUM.AX,ASX,Australia
Minera Gold Ltd,MUN.AX,ASX,Australia
Multi Channel,MUT.AX,ASX,Australia
Medical Developments,MVP.AX,ASX,Australia
Midwinter Resources NL,MWN.AX,ASX,Australia
MGM Wireless Ltd.,MWR.AX,ASX,Australia
MDS Financial Group Limited,MWS.AX,ASX,Australia
Maxitrans Industries Limited,MXI.AX,ASX,Australia
Maximus Resources Limited,MXR.AX,ASX,Australia
Mastermyne Group Ltd.,MYE.AX,ASX,Australia
Mutiny Gold Limited,MYG.AX,ASX,Australia
Mayan Iron Corporation Limited,MYN.AX,ASX,Australia
Myer Holdings Limited,MYR.AX,ASX,Australia
MyState Ltd,MYS.AX,ASX,Australia
MZI Resources Ltd,MZI.AX,ASX,Australia
Montezuma Mining Com,MZM.AX,ASX,Australia
National Australia,NABCD.AX,ASX,Australia
North Australian Diamonds Ltd.,NAD.AX,ASX,Australia
New Age Exploration Limited,NAE.AX,ASX,Australia
Nagambie Mining Limited,NAG.AX,ASX,Australia
Namoi Cotton,NAM.AX,ASX,Australia
Nanosonics Limited,NAN.AX,ASX,Australia
Navigator Resources Ltd.,NAV.AX,ASX,Australia
Noni B Limited,NBL.AX,ASX,Australia
Nick Scali Limited,NCK.AX,ASX,Australia
Newcrest Mining Limited,NCM.AX,ASX,Australia
Namibian Copper Nl,NCO.AX,ASX,Australia
NuCoal Resources Limited,NCR.AX,ASX,Australia
NeuroDiscovery Ltd.,NDL.AX,ASX,Australia
Nido Petroleum Limited,NDO.AX,ASX,Australia
Neon Energy Ltd.,NEN.AX,ASX,Australia
Neuren Pharmaceuticals Limited,NEU.AX,ASX,Australia
Northern Iron Limited,NFE.AX,ASX,Australia
Norfolk Group Limited,NFK.AX,ASX,Australia
New Guinea Energy Limited,NGE.AX,ASX,Australia
Norton Gold Fields Limited,NGF.AX,ASX,Australia
Norseman Gold PLC,NGX.AX,ASX,Australia
NuEnergy Gas Ltd,NGY.AX,ASX,Australia
New Hope Corporation Limited,NHC.AX,ASX,Australia
NIB Holdings Limited,NHF.AX,ASX,Australia
Nickelore Limited,NIO.AX,ASX,Australia
Nkwe Platinum Limited,NKP.AX,ASX,Australia
Narhex Life Sciences Limited,NLS.AX,ASX,Australia
Nex Metals Exploration Limited,NME.AX,ASX,Australia
Noble Mineral Resources,NMG.AX,ASX,Australia
Northern Mining Limited,NMI.AX,ASX,Australia
Nimrodel Resources Limited,NMR.AX,ASX,Australia
Neptune Marine,NMS.AX,ASX,Australia
Nomad Building Solut,NOD.AX,ASX,Australia
Novarise Renewable,NOE.AX,ASX,Australia
Nuplex Industries Limited,NPX.AX,ASX,Australia
Acacia Coal Ltd,NRL.AX,ASX,Australia
Novogen Ltd.,NRT.AX,ASX,Australia
Newera Resources Limited,NRU.AX,ASX,Australia
New Standard Energy Limited,NSE.AX,ASX,Australia
NSL Consolidated Ltd,NSL.AX,ASX,Australia
NuSep Holdings Limited,NSP.AX,ASX,Australia
Northern Star Resources Ltd.,NST.AX,ASX,Australia
NSX Limited,NSX.AX,ASX,Australia
Netcom Wireless Ltd,NTC.AX,ASX,Australia
Northern Minerals Limited,NTU.AX,ASX,Australia
Nufarm Limited,NUF.AX,ASX,Australia
NuPower Resources Limited,NUP.AX,ASX,Australia
Navitas Limited,NVT.AX,ASX,Australia
Norwest Energy NL,NWE.AX,ASX,Australia
NRW Holdings Limited,NWH.AX,ASX,Australia
Northwest Resources Limited,NWR.AX,ASX,Australia
News Corporation,NWS.AX,ASX,Australia
News Corporation,NWSLV.AX,ASX,Australia
Newsat Limited,NWT.AX,ASX,Australia
Nexus Energy Limited,NXS.AX,ASX,Australia
Nyota Minerals Ltd,NYO.AX,ASX,Australia
New Zealand Oil & Gas Ltd.,NZO.AX,ASX,Australia
Obj Limited,OBJ.AX,ASX,Australia
Oil Basins Limited,OBL.AX,ASX,Australia
Ocean Capital Limited,OCE.AX,ASX,Australia
Objective Corporation Limited,OCL.AX,ASX,Australia
Oceania Capital Partners Ltd.,OCP.AX,ASX,Australia
Odin Energy Limited,ODN.AX,ASX,Australia
Odyssey Energy Limited,ODY.AX,ASX,Australia
Orbital Corporation Limited,OEC.AX,ASX,Australia
Otto Energy Limited,OEL.AX,ASX,Australia
Orion Equities Limited,OEQ.AX,ASX,Australia
Oilex Ltd,OEX.AX,ASX,Australia
OceanaGold Corporation,OGC.AX,ASX,Australia
OGL Resources Ltd,OGL.AX,ASX,Australia
Optiscan Imaging Limited,OIL.AX,ASX,Australia
Petrel Energy Ltd,OIP.AX,ASX,Australia
Oakajee Corporation Limited,OKJ.AX,ASX,Australia
Oakton Limited,OKN.AX,ASX,Australia
Oklo Resources Ltd.,OKU.AX,ASX,Australia
Olea Australis Limited,OLE.AX,ASX,Australia
Oldfields Holdings Limited,OLH.AX,ASX,Australia
OM Holdings Limited,OMH.AX,ASX,Australia
OMI Holdings Limited,OMI.AX,ASX,Australia
OnCard International Limited,ONC.AX,ASX,Australia
1300 Smiles Limited,ONT.AX,ASX,Australia
Ord River Resources Limited,ORD.AX,ASX,Australia
Orocobre Limited,ORE.AX,ASX,Australia
Origin Energy Limited,ORG.AX,ASX,Australia
Orica Ltd.,ORI.AX,ASX,Australia
OrotonGroup Limited,ORL.AX,ASX,Australia
Orion Metals Ltd.,ORM.AX,ASX,Australia
Orion Gold NL,ORN.AX,ASX,Australia
Oroya Mining Limited,ORO.AX,ASX,Australia
Oil Search Limited,OSH.AX,ASX,Australia
Arrium Ltd,OST.AX,ASX,Australia
Oriental Technologies,OTI.AX,ASX,Australia
Outback Metals Limited,OUM.AX,ASX,Australia
Overland Resources Limited,OVR.AX,ASX,Australia
Octanex NL,OXX.AX,ASX,Australia
Olympus Pacific Minerals Inc.,OYM.AX,ASX,Australia
Oz Brewing Limited,OZB.AX,ASX,Australia
Ozgrowth Limited,OZG.AX,ASX,Australia
Oz Minerals Limited,OZL.AX,ASX,Australia
PharmAust Limited,PAA.AX,ASX,Australia
Patrys Limited,PAB.AX,ASX,Australia
PrimeAg Australia,PAG.AX,ASX,Australia
Panoramic Resources Limited,PAN.AX,ASX,Australia
Panax Geothermal Limited,PAX.AX,ASX,Australia
Payce Consolidated Limited,PAY.AX,ASX,Australia
Port Bouvard Limited,PBD.AX,ASX,Australia
Pacific Brands Limited,PBG.AX,ASX,Australia
Probiotec Limited,PBP.AX,ASX,Australia
Prana Biotechnology Limited,PBT.AX,ASX,Australia
Pancontinental Oil & Gas NL,PCL.AX,ASX,Australia
Paramount Mining Cor,PCP.AX,ASX,Australia
Paradigm Metals Limited,PDM.AX,ASX,Australia
Paladin Energy Ltd.,PDN.AX,ASX,Australia
Padbury Mining Ltd.,PDY.AX,ASX,Australia
Prairie Downs Metals Limited,PDZ.AX,ASX,Australia
Pacific Energy Limited,PEA.AX,ASX,Australia
Pacific Environment Limited,PEH.AX,ASX,Australia
Peak Resources Limited,PEK.AX,ASX,Australia
Pelican Resources Limited,PEL.AX,ASX,Australia
Perilya Ltd.,PEM.AX,ASX,Australia
Peninsula Energy Limited,PEN.AX,ASX,Australia
Peel Mining Ltd.,PEX.AX,ASX,Australia
Prime Financial Group Limited,PFG.AX,ASX,Australia
Patties Foods Limited,PFL.AX,ASX,Australia
Pacific Mining Limited,PFM.AX,ASX,Australia
Enero Group Ltd,PGA.AX,ASX,Australia
Paragon Care Limited,PGC.AX,ASX,Australia
Progen Pharmaceuticals Limited,PGL.AX,ASX,Australia
Platina Resources Limited,PGM.AX,ASX,Australia
Planet Gas Limited,PGS.AX,ASX,Australia
Public Holdings,PHA.AX,ASX,Australia
Pulse Health Limited,PHG.AX,ASX,Australia
Phileo Australia Limited,PHI.AX,ASX,Australia
Phoslock Water Solut,PHK.AX,ASX,Australia
pieNETWORKS Limited,PIE.AX,ASX,Australia
Prime Minerals Limited,PIM.AX,ASX,Australia
Pioneer Resources Ltd,PIO.AX,ASX,Australia
Papillon Resources Ltd.,PIR.AX,ASX,Australia
Plan B Group Holdings Limited,PLB.AX,ASX,Australia
PLD Corp Ltd,PLD.AX,ASX,Australia
Pilbara Minerals Ltd.,PLS.AX,ASX,Australia
Pluton Resources Limited,PLV.AX,ASX,Australia
Platinum Capital Limited,PMC.AX,ASX,Australia
Pro Medicus Limited,PME.AX,ASX,Australia
PMP Limited,PMP.AX,ASX,Australia
Planet Metals Ltd.,PMQ.AX,ASX,Australia
Premier Investments Limited,PMV.AX,ASX,Australia
PanAust Limited,PNA.AX,ASX,Australia
PepinNini Minerals Limited,PNN.AX,ASX,Australia
PharmaNet Group Limited,PNO.AX,ASX,Australia
Pacific Niugini Ltd.,PNR.AX,ASX,Australia
Pacific Star Network Limited,PNW.AX,ASX,Australia
Phoenix Copper Ltd.,PNX.AX,ASX,Australia
Phosphagenics Limited,POH.AX,ASX,Australia
Poseidon Nickel Limited,POS.AX,ASX,Australia
Phosphate Australia Limited,POZ.AX,ASX,Australia
Peet Limited,PPC.AX,ASX,Australia
PRO-PAC Packaging Limited,PPG.AX,ASX,Australia
PPK Group Limited,PPK.AX,ASX,Australia
Planet Platinum Limited,PPN.AX,ASX,Australia
Pan Pacific Petroleum NL,PPP.AX,ASX,Australia
Praemium Limited,PPS.AX,ASX,Australia
Perpetual Limited,PPT.AX,ASX,Australia
PaperlinX Limited,PPX.AX,ASX,Australia
Papyrus Australia Limited,PPY.AX,ASX,Australia
Promesa Limited,PRA.AX,ASX,Australia
Redcliffe Resources Ltd,PRE.AX,ASX,Australia
Programmed Maintenance,PRG.AX,ASX,Australia
Prophecy Internation,PRO.AX,ASX,Australia
Prima Biomed Ltd.,PRR.AX,ASX,Australia
Prime Media Group Limited,PRT.AX,ASX,Australia
Perseus Mining Limited,PRU.AX,ASX,Australia
Proto Resources,PRW.AX,ASX,Australia
Primary Health Care Limited,PRY.AX,ASX,Australia
Petsec Energy Limited,PSA.AX,ASX,Australia
Pacific Ore Limited,PSF.AX,ASX,Australia
Penrice Soda Holdings Limited,PSH.AX,ASX,Australia
Prosperity Resources Limited,PSP.AX,ASX,Australia
Panorama Synergy Ltd.,PSY.AX,ASX,Australia
PTB Group Limited,PTB.AX,ASX,Australia
Platinum Asset Mgmt,PTM.AX,ASX,Australia
PTO Consolidated Ltd,PTO.AX,ASX,Australia
Petratherm Ltd.,PTR.AX,ASX,Australia
Platsearch NL,PTS.AX,ASX,Australia
Pegasus Metals Limited,PUN.AX,ASX,Australia
pSivida Corp,PVA.AX,ASX,Australia
Po Valley Energy Limited,PVE.AX,ASX,Australia
Clarity OSS Ltd,PWR.AX,ASX,Australia
Power Resources Limited,PWW.AX,ASX,Australia
Padang Resources Limited,PXR.AX,ASX,Australia
Pharmaxis Ltd.,PXS.AX,ASX,Australia
Phylogica Limited,PYC.AX,ASX,Australia
Pryme Energy Ltd,PYM.AX,ASX,Australia
Pan Asia Corporation Ltd.,PZC.AX,ASX,Australia
Qantas Airways Ltd,QAN.AX,ASX,Australia
QBE Insurance Group Ltd,QBE.AX,ASX,Australia
Quickflix Limited,QFX.AX,ASX,Australia
Quickstep Holdings Limited,QHL.AX,ASX,Australia
Queensland Mining Co,QMN.AX,ASX,Australia
Quest Minerals Limited,QNL.AX,ASX,Australia
Quest Petroleum NL,QPN.AX,ASX,Australia
QRxPharma Limited,QRX.AX,ASX,Australia
Quest Investments Limited,QST.AX,ASX,Australia
Quantum Energy Limited,QTM.AX,ASX,Australia
Qube Logistics Holdings Ltd,QUB.AX,ASX,Australia
Queste Communications Limited,QUE.AX,ASX,Australia
Quantum Resources Limited,QUR.AX,ASX,Australia
Q Limited,QXQ.AX,ASX,Australia
Raffles Capital Ltd.,RAF.AX,ASX,Australia
Raisama Energy Ltd,RAI.AX,ASX,Australia
Republic Gold Limited,RAU.AX,ASX,Australia
Rawson Resources Limited,RAW.AX,ASX,Australia
Rubicon Resources Limited,RBR.AX,ASX,Australia
Resource Base Limited,RBX.AX,ASX,Australia
RCG Corporation Limited,RCG.AX,ASX,Australia
Rocklands Richfield Limited,RCI.AX,ASX,Australia
Royalco Resources Limited,RCO.AX,ASX,Australia
RCR Tomlinson Limited,RCR.AX,ASX,Australia
Reef Casino Trust,RCT.AX,ASX,Australia
Real Estate Capital,RCU.AX,ASX,Australia
Redflex Holdings Limited,RDF.AX,ASX,Australia
Red Metal Limited,RDM.AX,ASX,Australia
Reed Resources Ltd.,RDR.AX,ASX,Australia
Redstone Resources Limited,RDS.AX,ASX,Australia
REA Group Ltd,REA.AX,ASX,Australia
Red 5 Limited,RED.AX,ASX,Australia
Reverse Corp Limited,REF.AX,ASX,Australia
Reece Australia Limited,REH.AX,ASX,Australia
Regal Resources Limited,RER.AX,ASX,Australia
Resource Generation Ltd.,RES.AX,ASX,Australia
Regional Express,REX.AX,ASX,Australia
Rey Resources Limited,REY.AX,ASX,Australia
Resources & Energy Group Ltd.,REZ.AX,ASX,Australia
Red Fork Energy Limited,RFE.AX,ASX,Australia
Retail Food Group Limited,RFG.AX,ASX,Australia
Rubik Financial Limited,RFL.AX,ASX,Australia
Rectifier Technologies Ltd.,RFT.AX,ASX,Australia
Refresh Group Limited,RGP.AX,ASX,Australia
Ramsay Health Care Limited,RHC.AX,ASX,Australia
RHG Limited,RHG.AX,ASX,Australia
Red Hill Iron Limited,RHI.AX,ASX,Australia
Ruralco Holdings Limited,RHL.AX,ASX,Australia
Nevada Iron Ltd,RHM.AX,ASX,Australia
Resonance Health Limited,RHT.AX,ASX,Australia
Rialto Energy Ltd,RIA.AX,ASX,Australia
Ridley Corporation Limited,RIC.AX,ASX,Australia
Rimfire Pacific Mining NL,RIM.AX,ASX,Australia
Rio Tinto Ltd,RIO.AX,ASX,Australia
Richfield Internatio,RIS.AX,ASX,Australia
Reckon Limited,RKN.AX,ASX,Australia
Redisland Australia Limited,RLA.AX,ASX,Australia
Reedy Lagoon Corpora,RLC.AX,ASX,Australia
ResMed Inc.,RMD.AX,ASX,Australia
RMG Limited,RMG.AX,ASX,Australia
Resource Mining,RMI.AX,ASX,Australia
Red Emperor Resources NL,RMP.AX,ASX,Australia
Ram Resources Limited,RMR.AX,ASX,Australia
Ramelius Resources Limited,RMS.AX,ASX,Australia
RMA Energy Limited,RMT.AX,ASX,Australia
Run Corp Limited,RNC.AX,ASX,Australia
Rand Mining Ltd,RND.AX,ASX,Australia
Range River Gold Limited,RNG.AX,ASX,Australia
Resource and Investment Nl,RNI.AX,ASX,Australia
Renaissance Minerals Limited,RNS.AX,ASX,Australia
Reckson New York Pro,RNY.AX,ASX,Australia
Robe Australia Limited,ROB.AX,ASX,Australia
Roc Oil Company Limited,ROC.AX,ASX,Australia
Red Sky Energy Limited,ROG.AX,ASX,Australia
Robust Resources Limited,ROL.AX,ASX,Australia
Royal Resources Ltd.,ROY.AX,ASX,Australia
Rubianna Resources Limited,RRE.AX,ASX,Australia
Regis Resources Limited,RRL.AX,ASX,Australia
Realm Resources Ltd.,RRP.AX,ASX,Australia
Range Resources Ltd,RRS.AX,ASX,Australia
Resolute Mining Ltd.,RSG.AX,ASX,Australia
Resource Star Limited,RSL.AX,ASX,Australia
Renison Consolidated Mines NL,RSN.AX,ASX,Australia
Rubicor Group Limited,RUB.AX,ASX,Australia
Runge Limited,RUL.AX,ASX,Australia
Rum Jungle Resources Ltd.,RUM.AX,ASX,Australia
RuralAus Investments Limited,RUR.AX,ASX,Australia
Red River Resources Limited,RVR.AX,ASX,Australia
Reward Minerals Ltd.,RWD.AX,ASX,Australia
Rox Resources Limited,RXL.AX,ASX,Australia
Rex Minerals Limited,RXM.AX,ASX,Australia
SAI Global Limited,SAI.AX,ASX,Australia
Saracen Mineral Hold,SAR.AX,ASX,Australia
Southern Gold Limited,SAU.AX,ASX,Australia
Savcor Group Limited,SAV.AX,ASX,Australia
South America Iron &,SAY.AX,ASX,Australia
Sterling Biofuels,SBI.AX,ASX,Australia
Signature Metals Limited,SBL.AX,ASX,Australia
St Barbara Ltd.,SBM.AX,ASX,Australia
Sabre Resources Limited,SBR.AX,ASX,Australia
Siburan Resources Limited,SBU.AX,ASX,Australia
Scott Corporation Limited,SCC.AX,ASX,Australia
Scantech Limited,SCD.AX,ASX,Australia
Sunland Group Limited,SDG.AX,ASX,Australia
SDI Limited,SDI.AX,ASX,Australia
Sundance Resources Limited,SDL.AX,ASX,Australia
Sedgman Limited,SDM.AX,ASX,Australia
Sundance Energy Aust,SEA.AX,ASX,Australia
Segue Resources Limited,SEG.AX,ASX,Australia
Sino Gas & Energy Ho,SEH.AX,ASX,Australia
Seek Limited,SEK.AX,ASX,Australia
Senetas Corporation Limited,SEN.AX,ASX,Australia
Strategic Energy,SER.AX,ASX,Australia
Schaffer Corporation Limited,SFC.AX,ASX,Australia
Specialty Fashion,SFH.AX,ASX,Australia
Stanfield Funds,SFN.AX,ASX,Australia
Safety Medical Produ,SFP.AX,ASX,Australia
Sandfire Resources NL,SFR.AX,ASX,Australia
Slater & Gordon Limited,SGH.AX,ASX,Australia
Sims Metal Management Ltd.,SGM.AX,ASX,Australia
STW Communications,SGN.AX,ASX,Australia
Stockland Corporation Limited,SGP.AX,ASX,Australia
Singapore Limited,SGT.AX,ASX,Australia
Success Resources Global Ltd.,SGU.AX,ASX,Australia
Solimar Energy Limited,SGY.AX,ASX,Australia
Scotgold Resources Ltd,SGZ.AX,ASX,Australia
Sunshine Heart, Inc.,SHC.AX,ASX,Australia
Stonehenge Metals Limited,SHE.AX,ASX,Australia
Shree Minerals Limited,SHH.AX,ASX,Australia
Sonic Healthcare Limited,SHL.AX,ASX,Australia
John Shearer holdings,SHR.AX,ASX,Australia
Shenhua International Limited,SHU.AX,ASX,Australia
Select Harvests Limited,SHV.AX,ASX,Australia
SciGen Limited,SIE.AX,ASX,Australia
Sihayo Gold Ltd.,SIH.AX,ASX,Australia
Sigma Pharmaceuticals Limited,SIP.AX,ASX,Australia
Sirius Corporation Limited,SIU.AX,ASX,Australia
Silver Chef Limited,SIV.AX,ASX,Australia
Skycity Entertainment,SKC.AX,ASX,Australia
Skilled Group Limited,SKE.AX,ASX,Australia
Spark Infrastructure Group,SKI.AX,ASX,Australia
Sky Network Television Limited,SKT.AX,ASX,Australia
Salmat Limited,SLM.AX,ASX,Australia
Silver Lake Resources Limited,SLR.AX,ASX,Australia
Silex Systems Limited,SLX.AX,ASX,Australia
SmartTrans Holdings Limited,SMA.AX,ASX,Australia
Strategic Minerals C,SMC.AX,ASX,Australia
Syndicated Metals Limited,SMD.AX,ASX,Australia
Synergy Metals Ltd.,SML.AX,ASX,Australia
Summit Resources Limited,SMM.AX,ASX,Australia
Structural Monitoring,SMN.AX,ASX,Australia
Stanmore Coal Limited,SMR.AX,ASX,Australia
SMS Management & Tec,SMX.AX,ASX,Australia
Saunders International Limited,SND.AX,ASX,Australia
Supply Network Limited,SNL.AX,ASX,Australia
SFG Australia Ltd,SNO.AX,ASX,Australia
Sinovus Mining Limited,SNV.AX,ASX,Australia
Soil Sub Technologies Limited,SOI.AX,ASX,Australia
Washington H.Soul,SOL.AX,ASX,Australia
SomnoMed Limited,SOM.AX,ASX,Australia
Solco Ltd.,SOO.AX,ASX,Australia
Sphere Minerals Ltd,SPH.AX,ASX,Australia
Spitfire Resources Limited,SPI.AX,ASX,Australia
Starpharma Holdings Ltd,SPL.AX,ASX,Australia
SP AusNet,SPN.AX,ASX,Australia
Superior Resources Limited,SPQ.AX,ASX,Australia
Saferoads Holdings Limited,SRH.AX,ASX,Australia
Sipa Resources Limited,SRI.AX,ASX,Australia
Strike Resources Limited,SRK.AX,ASX,Australia
Sierra Mining,SRM.AX,ASX,Australia
Shaw River Manganese Ltd,SRR.AX,ASX,Australia
Servcorp Limited,SRV.AX,ASX,Australia
Sirtex Medical Limited,SRX.AX,ASX,Australia
Stellar Resources Limited,SRZ.AX,ASX,Australia
Balamara Resources Ltd,SSC.AX,ASX,Australia
Sietel Limited,SSL.AX,ASX,Australia
Service Stream Ltd,SSM.AX,ASX,Australia
Samson Oil & Gas Limited,SSN.AX,ASX,Australia
Steamships Trading Co,SST.AX,ASX,Australia
South Boulder Mines Limited,STB.AX,ASX,Australia
Stratatel Limited,STE.AX,ASX,Australia
Santos Limited,STO.AX,ASX,Australia
Sterihealth Limited,STP.AX,ASX,Australia
Structural Systems Limited,STS.AX,ASX,Australia
Strike Energy Ltd,STX.AX,ASX,Australia
Strzelecki Metals Limited,STZ.AX,ASX,Australia
Southern Hemisphere,SUH.AX,ASX,Australia
Super Retail Group Ltd.,SUL.AX,ASX,Australia
Sumatra Copper & Gold PLC,SUM.AX,ASX,Australia
Suncorp Group Ltd,SUN.AX,ASX,Australia
Sun Resources NL,SUR.AX,ASX,Australia
SVC Group Ltd,SVC.AX,ASX,Australia
Silver Mines Limited,SVL.AX,ASX,Australia
Sovereign Metals Limited,SVM.AX,ASX,Australia
Sunvest Corporation Limited,SVS.AX,ASX,Australia
Seven Group Holdings Ltd.,SVW.AX,ASX,Australia
Swick Mining Services Ltd.,SWK.AX,ASX,Australia
Seymour Whyte Ltd.,SWL.AX,ASX,Australia
Silver Swan Group Limited,SWN.AX,ASX,Australia
SWW Energy Ltd,SWW.AX,ASX,Australia
Southern Cross Electrical,SXE.AX,ASX,Australia
Southern Cross Goldf,SXG.AX,ASX,Australia
Southern Cross Media Group Ltd,SXL.AX,ASX,Australia
Skywest Airlines Ltd,SXR.AX,ASX,Australia
Southern Cross Explo,SXX.AX,ASX,Australia
Symex Holdings Limited,SYM.AX,ASX,Australia
Syrah Resources Limited,SYR.AX,ASX,Australia
Syngas Limited,SYS.AX,ASX,Australia
Tag Pacific Limited,TAG.AX,ASX,Australia
Tabcorp Holdings Limited,TAH.AX,ASX,Australia
Tanami Gold NL,TAM.AX,ASX,Australia
Tandou Limited,TAN.AX,ASX,Australia
Tap Oil Limited,TAP.AX,ASX,Australia
Tasman Resources Limited,TAS.AX,ASX,Australia
Tawana Resources NL,TAW.AX,ASX,Australia
Tribune Resources Ltd.,TBR.AX,ASX,Australia
Transurban Group,TCL.AX,ASX,Australia
Tiaro Coal Limited,TCM.AX,ASX,Australia
Techniche Limited,TCN.AX,ASX,Australia
Trinity Group,TCQ.AX,ASX,Australia
3D Oil Limited,TDO.AX,ASX,Australia
Tyrian Diagnostics Ltd,TDX.AX,ASX,Australia
Triangle Energy(Global) Ltd.,TEG.AX,ASX,Australia
Telecom Corporation,TELCD.AX,ASX,Australia
Ten Network Holdings Limited,TEN.AX,ASX,Australia
Telesso Technologies Limited,TEO.AX,ASX,Australia
Top End Uranium Limited,TEU.AX,ASX,Australia
Target Energy Limited,TEX.AX,ASX,Australia
Torrens Energy Ltd.,TEY.AX,ASX,Australia
TFS Corporation Limited,TFC.AX,ASX,Australia
Tranzact Financial S,TFS.AX,ASX,Australia
Thorn Group Limited,TGA.AX,ASX,Australia
Trafalgar Corporate Group,TGP.AX,ASX,Australia
Tassal Group Limited,TGR.AX,ASX,Australia
Tiger Resources Limited,TGS.AX,ASX,Australia
Thakral Holdings Limited,THG.AX,ASX,Australia
Thomas & Coffey Limited,THO.AX,ASX,Australia
Thor Mining PLC,THR.AX,ASX,Australia
Thundelarra,THX.AX,ASX,Australia
Tissue Therapies Limited,TIS.AX,ASX,Australia
Takoradi Limited,TKG.AX,ASX,Australia
Traka Resources Limited,TKL.AX,ASX,Australia
Talisman Mining Limited,TLM.AX,ASX,Australia
Telstra Corp Ltd,TLS.AX,ASX,Australia
Tasmania Mines Limited,TMM.AX,ASX,Australia
Terrain Minerals Limited,TMX.AX,ASX,Australia
Transol Corporation Limited,TNC.AX,ASX,Australia
Technology One Limited,TNE.AX,ASX,Australia
TNG Limited,TNG.AX,ASX,Australia
Toro Energy Limited,TOE.AX,ASX,Australia
Toll Holdings Limited,TOL.AX,ASX,Australia
Triton Gold Limited,TON.AX,ASX,Australia
Tox Free Solutions Limited,TOX.AX,ASX,Australia
Tel. Pacific Limited,TPC.AX,ASX,Australia
Transpacific Industries,TPI.AX,ASX,Australia
TPL Corporation Limited,TPL.AX,ASX,Australia
TPG Telecom Ltd.,TPM.AX,ASX,Australia
Tangiers Petroleum Ltd,TPT.AX,ASX,Australia
3Q Holdings Limited,TQH.AX,ASX,Australia
Trafford Resources Limited,TRF.AX,ASX,Australia
Treasury Group Limited,TRG.AX,ASX,Australia
Potash Minerals Ltd,TRH.AX,ASX,Australia
Truscott Mining Corp,TRM.AX,ASX,Australia
TriAusMin Ltd.,TRO.AX,ASX,Australia
Reject Shop Limited,TRS.AX,ASX,Australia
Trust Company Limited,TRU.AX,ASX,Australia
Troy Resources Ltd,TRY.AX,ASX,Australia
Transfield Services Limited,TSE.AX,ASX,Australia
Azure Healthcare Limited,TSH.AX,ASX,Australia
ThinkSmart Limited,TSM.AX,ASX,Australia
Transerv Energy Limited,TSV.AX,ASX,Australia
TTA Holdings Limited,TTA.AX,ASX,Australia
Traffic Technologies Ltd.,TTI.AX,ASX,Australia
Phillips River Mining Limited,TTR.AX,ASX,Australia
Tatts Group Limited,TTS.AX,ASX,Australia
Two Way Limited,TTV.AX,ASX,Australia
TUC Resources Ltd,TUC.AX,ASX,Australia
TVN Corporation Limited,TVN.AX,ASX,Australia
Tamawood Limited,TWD.AX,ASX,Australia
Tower Limited,TWR.AX,ASX,Australia
TWT Group Limited,TWT.AX,ASX,Australia
Texon Petroleum Limited,TXN.AX,ASX,Australia
Treyo Leisure,TYO.AX,ASX,Australia
TZ Limited,TZL.AX,ASX,Australia
Terramin Australia Limited,TZN.AX,ASX,Australia
Universal Biosensors, Inc.,UBI.AX,ASX,Australia
UCL Resources Limited,UCL.AX,ASX,Australia
USCOM Ltd.,UCM.AX,ASX,Australia
Undercoverwear Limited,UCW.AX,ASX,Australia
Uranium Equities Limited,UEQ.AX,ASX,Australia
UGL Ltd,UGL.AX,ASX,Australia
Unilife Corporation,UNS.AX,ASX,Australia
Uranex Limited,UNX.AX,ASX,Australia
United Orogen Limited,UOG.AX,ASX,Australia
United Overseas,UOS.AX,ASX,Australia
Kaboko Mining Ltd,URA.AX,ASX,Australia
UraniumSA Limited,USA.AX,ASX,Australia
U.S. Masters Holdings Limited,USH.AX,ASX,Australia
Avocet Resources Ltd,UTO.AX,ASX,Australia
United Uranium Limited,UUL.AX,ASX,Australia
UXA Resources Limited,UXA.AX,ASX,Australia
UXC Limited,UXC.AX,ASX,Australia
Virgin Australia Holdings,VBA.AX,ASX,Australia
Vector Resources Limited,VEC.AX,ASX,Australia
Vealls Ltd.,VELCP.AX,ASX,Australia
Vesture Limited,VES.AX,ASX,Australia
Vision Group Holdings Limited,VGH.AX,ASX,Australia
Vantage Goldfields Limited,VGO.AX,ASX,Australia
Viento Group Limited,VIE.AX,ASX,Australia
Vietnam Industrial I,VII.AX,ASX,Australia
Verus Investments Limited,VIL.AX,ASX,Australia
Viking Ashanti Ltd.,VKA.AX,ASX,Australia
Viralytics Ltd,VLA.AX,ASX,Australia
Venus Metals Corporation Ltd.,VMC.AX,ASX,Australia
VDM Group Limited,VMG.AX,ASX,Australia
Vital Metals Limited,VML.AX,ASX,Australia
Venture Minerals Limited,VMS.AX,ASX,Australia
Vmoto Limited,VMT.AX,ASX,Australia
Vocus Communications Limited,VOC.AX,ASX,Australia
Voyager Resources Ltd.,VOR.AX,ASX,Australia
View Resources Ltd.,VRE.AX,ASX,Australia
Village Roadshow Limited,VRL.AX,ASX,Australia
Vita Life Sciences Limited,VSC.AX,ASX,Australia
Viterra Inc,VTA.AX,ASX,Australia
Vita Group Limited,VTG.AX,ASX,Australia
Continuation Investments,VTP.AX,ASX,Australia
Vortex Pipes Limited,VTX.AX,ASX,Australia
Victory West Metals Limited,VWM.AX,ASX,Australia
Venturex Resources Limited,VXR.AX,ASX,Australia
Wild Acre Metals Limited,WAC.AX,ASX,Australia
West African Resources Limited,WAF.AX,ASX,Australia
Wavenet International Limited,WAL.AX,ASX,Australia
Wasabi Energy Ltd,WAS.AX,ASX,Australia
Waterco Limited,WAT.AX,ASX,Australia
Webster Limited,WBA.AX,ASX,Australia
Wide Bay Australia Ltd.,WBB.AX,ASX,Australia
Westpac Banking Corp,WBC.AX,ASX,Australia
Warrnambool,WCB.AX,ASX,Australia
Westside Corporation Limited,WCL.AX,ASX,Australia
White Cliff Minerals Limited,WCN.AX,ASX,Australia
WCP Resources Limited,WCP.AX,ASX,Australia
Westfield Group,WDC.AX,ASX,Australia
Western Desert Resou,WDR.AX,ASX,Australia
WDS Limited,WDS.AX,ASX,Australia
Webjet Limited,WEB.AX,ASX,Australia
White Energy Company Limited,WEC.AX,ASX,Australia
Wesfarmers Ltd,WES.AX,ASX,Australia
Wesfarmers Ltd,WESN.AX,ASX,Australia
Webfirm Group Ltd.,WFM.AX,ASX,Australia
Waratah Resources Ltd,WGO.AX,ASX,Australia
Titan Energy Ltd,WGP.AX,ASX,Australia
Westgold Resources Ltd,WGR.AX,ASX,Australia
Whitehaven Coal Limited,WHC.AX,ASX,Australia
Wildhorse Energy Ltd,WHE.AX,ASX,Australia
Whitefield Limited,WHF.AX,ASX,Australia
WHK Group Limited,WHG.AX,ASX,Australia
WHL Energy Limited,WHN.AX,ASX,Australia
Wilson HTM Investment,WIG.AX,ASX,Australia
Wolf Minerals Ltd,WLF.AX,ASX,Australia
Wellcom Group Limited,WLL.AX,ASX,Australia
World.Net Services Limited,WNS.AX,ASX,Australia
WorleyParsons Limited,WOR.AX,ASX,Australia
Woolworths Limited,WOW.AX,ASX,Australia
WPG Resources Ltd.,WPG.AX,ASX,Australia
Woodside Petroleum Limited,WPL.AX,ASX,Australia
World Reach Limited,WRR.AX,ASX,Australia
Western Areas NL,WSA.AX,ASX,Australia
Wotif.com Holdings Limited,WTF.AX,ASX,Australia
Watpac Limited,WTP.AX,ASX,Australia
West Wits Mining Limited,WWI.AX,ASX,Australia
Wentworth Holdings Limited,WWM.AX,ASX,Australia
White Star Resources Limited,WWW.AX,ASX,Australia
Xceed Resources Ltd,XCD.AX,ASX,Australia
XRF Scientific Limited,XRF.AX,ASX,Australia
Xstate Resources Limited,XST.AX,ASX,Australia
XTEK Ltd.,XTE.AX,ASX,Australia
XiaoXiao Education Limited,XXL.AX,ASX,Australia
Yellow Rock Resources Limited,YRR.AX,ASX,Australia
YTC Resources Limited,YTC.AX,ASX,Australia
Zicom Group Limited,ZGL.AX,ASX,Australia
Zamia Metals Limited,ZGM.AX,ASX,Australia
Zimplats Holdings Limited,ZIM.AX,ASX,Australia
Zingmobile Group Limited,ZMG.AX,ASX,Australia
Zenith Minerals Ltd.,ZNC.AX,ASX,Australia
Zambezi Resources Ltd.,ZRL.AX,ASX,Australia
Zylotech Limited,ZYL.AX,ASX,Australia
