BCO ABC Brasil S.A.,ABCB4.SA,Sao Paolo,Brazil
Anhanguera,AEDU3.SA,Sao Paolo,Brazil
AES Elpa S.A.,AELP3.SA,Sao Paolo,Brazil
Afluente Geracao,AFLU3.SA,Sao Paolo,Brazil
Agrenco Ltd.,AGEN11.SA,Sao Paolo,Brazil
BRASILAGRO - CIA Bras,AGRO3.SA,Sao Paolo,Brazil
Sao Paulo Turismo S.A.,AHEB3.SA,Sao Paolo,Brazil
Sao Paulo Turismo S.A.,AHEB5.SA,Sao Paolo,Brazil
Sao Paulo Turismo S.A.,AHEB6.SA,Sao Paolo,Brazil
All Logistica,ALLL3.SA,Sao Paolo,Brazil
Sao Paulo Alpargatas S.A.,ALPA3.SA,Sao Paolo,Brazil
Sao Paulo Alpargatas S.A.,ALPA4.SA,Sao Paolo,Brazil
Aliansce Shopping Centers SA,ALSC3.SA,Sao Paolo,Brazil
Marisa Lojas SA,AMAR3.SA,Sao Paolo,Brazil
Companhia de Bebidas,AMBV3.SA,Sao Paolo,Brazil
Companhia de Bebidas,AMBV4.SA,Sao Paolo,Brazil
Amil Participacoes S.A.,AMIL3.SA,Sao Paolo,Brazil
Azevedo E Travassos S.A.,AZEV4.SA,Sao Paolo,Brazil
Bahema S.A.,BAHI3.SA,Sao Paolo,Brazil
Excelsior Alimentos S.A.,BAUH4.SA,Sao Paolo,Brazil
BCO Amazonia S.A.,BAZA3.SA,Sao Paolo,Brazil
BCO Bradesco S.A.,BBDC4.SA,Sao Paolo,Brazil
Tereos Internacional,TERI3.SA,Sao Paolo,Brazil
